player,color,mode,datetime,code,difficulty
Amog,#ffd166,pr,2023-06-18T05:52:41,ToAST,1.25
Lintahlo,#9b5de5,line,2023-06-18T05:52:41,-,1.0
Amog,#ffd166,pr,2023-06-18T06:00:56,ToA,1.5
Amog,#ffd166,pr,2023-06-18T06:06:49,ToM,2.12
Lintahlo,#9b5de5,line,2023-09-16T05:52:41,-,-1.0
Amog,#ffd166,pr,2023-09-30T17:46:12,ToZD,1.15
Amog,#ffd166,pr,2023-09-30T17:56:29,ToPHaT,1.55
Amog,#ffd166,pr,2023-09-30T18:05:40,ToAD,2.65
Eggnote,#ff5ca8,pr,2024-09-27T20:39:37,ToAST,1.25
Eggnote,#ff5ca8,pr,2024-09-28T21:18:39,ToA,1.5
Amog,#ffd166,pr,2024-10-18T12:17:45,SoMD,1.22
Amog,#ffd166,pr,2024-10-18T12:28:48,ToJGF,1.65
Amog,#ffd166,pr,2024-10-18T22:30:42,ToH,3.3
Amog,#ffd166,pr,2024-10-18T23:02:17,ToPS,2.76
Amog,#ffd166,pr,2024-10-18T23:23:00,ToBH,3.4
Amog,#ffd166,pr,2024-10-19T00:11:34,ToHS,3.48
Amog,#ffd166,pr,2024-10-21T15:34:51,ToVR,2.68
Amog,#ffd166,pr,2024-10-21T15:52:39,ToSA,2.98
Amog,#ffd166,pr,2024-10-21T16:35:43,ToGLA,3.57
Amog,#ffd166,pr,2024-10-21T17:03:14,SoMM,1.76
Amog,#ffd166,pr,2024-10-21T17:54:34,SoSIS,4.03
Amog,#ffd166,pr,2024-10-22T00:20:16,ToK,3.47
Amog,#ffd166,pr,2024-10-22T00:38:15,SoP,2.86
Amog,#ffd166,pr,2024-10-24T16:50:54,ToFT,1.7
Amog,#ffd166,pr,2024-10-24T17:04:27,ToIC,2.09
Amog,#ffd166,pr,2024-10-24T21:13:56,ToP,3.26
Amog,#ffd166,pr,2024-10-24T23:21:47,ToMH,3.91
Amog,#ffd166,pr,2024-10-25T17:59:33,ToDS,2.83
Amog,#ffd166,pr,2024-10-25T18:28:33,ToAT,2.62
Amog,#ffd166,pr,2024-10-26T01:12:02,ToOH,3.73
Amog,#ffd166,pr,2024-10-26T01:35:16,SoBJ,1.11
Amog,#ffd166,pr,2024-10-26T01:41:06,SoDS,1.54
Amog,#ffd166,pr,2024-10-26T01:48:03,SoIF,2.32
Amog,#ffd166,pr,2024-10-27T01:44:47,ToF,3.54
Amog,#ffd166,pr,2024-10-27T02:45:38,ToWER,3.55
Amog,#ffd166,pr,2024-10-27T13:40:04,SoO,2.67
Amog,#ffd166,pr,2024-10-27T14:57:15,ToUD,4.21
Amog,#ffd166,pr,2024-10-27T15:14:25,ToSFU,1.05
Amog,#ffd166,pr,2024-10-27T15:37:34,ToOD,1.99
Amog,#ffd166,pr,2024-10-27T19:42:39,ToBB,2.07
Amog,#ffd166,pr,2024-10-28T00:58:27,ToTA,4.05
Amog,#ffd166,pr,2024-10-28T02:11:43,ToDaC,4.91
Amog,#ffd166,pr,2024-10-28T15:00:43,ToCOF,2.87
Amog,#ffd166,pr,2024-10-28T21:45:49,ToKY,4.1
Amog,#ffd166,pr,2024-10-29T22:32:08,SoBT,2.39
Amog,#ffd166,pr,2024-10-29T22:49:31,SoAS,2.53
Amog,#ffd166,pr,2024-10-29T23:08:42,SoRO,3.99
Amog,#ffd166,pr,2024-10-30T14:47:09,SoAP,3.36
Amog,#ffd166,pr,2024-10-30T15:19:44,SoTC,4.15
Amog,#ffd166,pr,2024-10-30T16:24:55,NEAT,1.11
Amog,#ffd166,pr,2024-10-30T17:04:35,MAT,1.07
Amog,#ffd166,pr,2024-10-30T19:20:29,SoLW,2.78
Amog,#ffd166,pr,2024-10-30T20:21:46,SoUR,3.74
Amog,#ffd166,pr,2024-10-30T20:53:07,SoN,2.81
Amog,#ffd166,pr,2024-10-30T21:02:16,SoOA,3.16
Amog,#ffd166,pr,2024-10-30T21:24:35,SoGP,3.7
Amog,#ffd166,pr,2024-10-30T21:43:06,SoFF,3.8
Amog,#ffd166,pr,2024-10-30T22:06:30,SoLIQ,3.84
Amog,#ffd166,pr,2024-10-31T14:21:14,ToSH,1.9
Amog,#ffd166,pr,2024-10-31T14:44:10,ToGG,2.84
Amog,#ffd166,pr,2024-10-31T15:12:46,ToTM,3.6
Amog,#ffd166,pr,2024-10-31T16:59:32,SoVV,4.01
Amog,#ffd166,pr,2024-10-31T22:15:03,ToE,3.92
Amog,#ffd166,pr,2024-11-01T00:01:07,ToII,4.24
Amog,#ffd166,pr,2024-11-01T00:25:11,SoWP,4.57
Amog,#ffd166,pr,2024-11-01T01:05:57,SoAU,3.94
Amog,#ffd166,pr,2024-11-01T01:28:29,ToFSC,1.58
Amog,#ffd166,pr,2024-11-01T02:03:34,ToAC,2.95
Amog,#ffd166,pr,2024-11-01T21:10:44,ToCCC,3.58
Amog,#ffd166,pr,2024-11-02T15:17:42,ToX,3.81
Amog,#ffd166,pr,2024-11-02T19:48:59,SoME,4.81
Amog,#ffd166,pr,2024-11-02T23:24:40,ToFaST,3.29
Amog,#ffd166,pr,2024-11-02T23:57:15,ToUID,3.56
Amog,#ffd166,pr,2024-11-03T21:39:11,ToCO,4.46
Amog,#ffd166,pr,2024-11-03T22:46:56,ToS,4.88
Amog,#ffd166,pr,2024-11-03T23:12:39,ToNV,2.85
Amog,#ffd166,pr,2024-11-04T01:59:47,CoIS,4.6
Amog,#ffd166,pr,2024-11-04T15:35:16,ToCH,4.0
Amog,#ffd166,pr,2024-11-04T18:26:55,ToV,4.64
Amog,#ffd166,pr,2024-11-04T22:38:37,ToSP,5.2
Amog,#ffd166,pr,2024-11-05T00:44:26,ToFZ,2.66
Amog,#ffd166,pr,2024-11-05T20:04:12,ToTR,4.11
Amog,#ffd166,pr,2024-11-06T04:07:43,ToSI,4.01
Amog,#ffd166,pr,2024-11-06T16:02:45,ToWH,4.37
Amog,#ffd166,pr,2024-11-07T21:24:32,ToEW,2.89
Amog,#ffd166,pr,2024-11-07T21:53:02,ToTST,3.79
Amog,#ffd166,pr,2024-11-07T22:48:47,ToLOZ,4.86
Amog,#ffd166,pr,2024-11-08T21:13:36,ToFJ,3.03
Amog,#ffd166,pr,2024-11-08T21:57:29,ToEP,4.4
Amog,#ffd166,pr,2024-11-10T20:40:25,SoAR,4.34
Amog,#ffd166,pr,2024-11-11T20:43:46,SoC,5.49
Amog,#ffd166,pr,2024-11-13T19:36:25,ToVT,3.89
Amog,#ffd166,pr,2024-11-16T23:18:32,ToST,3.4
Amog,#ffd166,pr,2024-11-23T02:07:44,CoHaD,6.13
Amog,#ffd166,pr,2024-12-21T16:46:41,ToYS,4.92
Amog,#ffd166,pr,2024-12-22T14:49:00,ToSSSS,3.91
Amog,#ffd166,pr,2024-12-22T19:37:55,SoDI,5.28
Amog,#ffd166,pr,2024-12-22T21:17:13,ToDH,4.38
Amog,#ffd166,pr,2025-01-05T02:54:20,ToTC,5.0
Amog,#ffd166,pr,2025-01-06T07:40:24,ToMA,4.59
Amog,#ffd166,pr,2025-01-29T01:44:33,CoLS,6.5
Amog,#ffd166,pr,2025-01-30T11:49:27,ToLD,4.61
Amog,#ffd166,pr,2025-02-01T18:10:53,SoFW,5.61
Amog,#ffd166,pr,2025-02-01T18:49:38,WBAT,5.01
Amog,#ffd166,pr,2025-02-11T22:08:51,ToIE,6.01
Amog,#ffd166,pr,2025-02-12T16:48:05,ToCaS,4.66
Amog,#ffd166,pr,2025-02-12T18:58:07,ToTS,7.09
Amog,#ffd166,pr,2025-02-12T21:01:21,ToSSS,2.38
Amog,#ffd166,pr,2025-02-13T00:26:16,ToNBA,3.9
Amog,#ffd166,pr,2025-02-13T01:33:12,ToL,4.5
Amog,#ffd166,pr,2025-02-14T10:32:27,ToLL,4.7
Amog,#ffd166,pr,2025-02-14T13:20:48,ToR,5.58
Amog,#ffd166,pr,2025-02-14T15:36:06,SoRIS,4.71
Amog,#ffd166,pr,2025-02-15T23:37:39,ToAV,5.21
Amog,#ffd166,pr,2025-02-16T01:03:11,ToWEL,5.91
Amog,#ffd166,pr,2025-02-16T18:10:32,ToPF,5.62
Amog,#ffd166,pr,2025-02-16T21:56:54,CoGS,6.39
Amog,#ffd166,pr,2025-02-16T23:20:51,CoTS,4.98
Amog,#ffd166,pr,2025-02-17T16:35:38,ToFD,3.64
Amog,#ffd166,pr,2025-02-18T16:15:30,ToRCH,4.98
Amog,#ffd166,pr,2025-02-18T17:40:03,SoCA,5.24
Amog,#ffd166,pr,2025-02-18T18:08:07,ToJ,2.75
Amog,#ffd166,pr,2025-02-18T21:04:27,ToNI,2.8
Amog,#ffd166,pr,2025-02-19T00:59:01,SoHS,4.8
Amog,#ffd166,pr,2025-02-22T00:50:41,ToWW,4.69
Amog,#ffd166,pr,2025-02-22T17:44:42,ToRW,3.23
Amog,#ffd166,pr,2025-02-22T18:13:06,ToSV,3.72
Eggnote,#ff5ca8,pr,2025-02-22T19:19:48,ToM,2.12
Eggnote,#ff5ca8,pr,2025-02-22T19:34:14,ToNI,2.8
Amog,#ffd166,pr,2025-02-23T01:47:41,ToET,4.51
Amog,#ffd166,pr,2025-02-23T23:32:16,ToFV,4.52
Amog,#ffd166,pr,2025-02-24T00:09:00,NEAF,5.79
Amog,#ffd166,pr,2025-02-24T00:40:11,LAT,4.04
Amog,#ffd166,pr,2025-03-08T04:29:45,ToFaF,5.61
Amog,#ffd166,pr,2025-03-08T20:58:33,ToBS,4.75
Amog,#ffd166,pr,2025-03-08T23:58:16,CoTaW,6.06
Amog,#ffd166,pr,2025-03-09T10:36:47,ToRC,4.67
Amog,#ffd166,pr,2025-03-11T03:39:17,ToBR,4.49
Amog,#ffd166,pr,2025-03-14T04:48:22,ToRNI,7.19
Amog,#ffd166,pr,2025-03-14T06:19:19,ToABCD,4.95
Amog,#ffd166,pr,2025-03-14T14:39:40,ToMIT,3.76
Amog,#ffd166,pr,2025-03-14T15:04:16,ToCT,3.93
Amog,#ffd166,pr,2025-03-15T13:39:49,ToTJ,7.01
Amog,#ffd166,pr,2025-03-16T13:34:50,ToD,5.29
Amog,#ffd166,pr,2025-03-16T19:31:59,SoRA,4.87
Amog,#ffd166,pr,2025-03-16T20:19:56,ToAI,4.99
Amog,#ffd166,pr,2025-03-17T01:04:53,CoWN,6.96
Amog,#ffd166,pr,2025-03-17T16:55:51,SoHP,6.35
Amog,#ffd166,pr,2025-03-17T17:05:06,TIPAT,3.61
Amog,#ffd166,pr,2025-03-19T00:15:41,ToT,5.71
Amog,#ffd166,pr,2025-03-19T02:27:41,ToDD,5.8
Amog,#ffd166,pr,2025-03-22T02:40:13,ToSaS,5.74
Amog,#ffd166,pr,2025-03-25T18:29:35,ToDT,8.0
Amog,#ffd166,pr,2025-03-26T02:10:05,ToRS,4.36
Amog,#ffd166,pr,2025-03-26T04:29:31,ToSD,5.84
Amog,#ffd166,pr,2025-03-26T15:34:43,ToTF,6.44
Amog,#ffd166,pr,2025-03-27T03:12:07,ToRR,4.52
Amog,#ffd166,pr,2025-03-27T23:37:47,ToNP,7.08
Amog,#ffd166,pr,2025-03-28T02:44:06,ToCWC,4.23
Amog,#ffd166,pr,2025-03-28T22:35:44,ToBBB,7.03
Amog,#ffd166,pr,2025-04-06T03:11:30,ToRB,4.58
Amog,#ffd166,pr,2025-04-06T21:52:15,ToDC,8.03
Amog,#ffd166,pr,2025-04-06T22:50:20,PAT,1.54
Amog,#ffd166,pr,2025-04-06T23:24:10,ToDF,4.72
Amog,#ffd166,pr,2025-04-07T23:47:10,ToEC,7.01
Amog,#ffd166,pr,2025-04-11T06:02:59,ToIG,8.23
fairylog,#4cc9f0,pr,2025-04-12T02:39:22,ToAST,1.25
fairylog,#4cc9f0,pr,2026-05-01T12:00:00,ToTS f6,6.001
fairylog,#4cc9f0,pr,2026-06-01T18:00:00,ToTS f7,6.66
Amog,#ffd166,pr,2025-04-13T17:13:25,ToTH,6.46
Amog,#ffd166,pr,2025-04-14T00:59:30,ToES,7.5
Amog,#ffd166,pr,2025-04-15T07:52:41,R1TR,7.83
Amog,#ffd166,pr,2025-04-15T17:08:27,ToN,7.1
Amog,#ffd166,pr,2025-04-16T00:07:24,ToIS,6.37
Amog,#ffd166,pr,2025-04-17T07:01:30,R3TR,6.89
Amog,#ffd166,pr,2025-04-18T05:12:48,ToATD,4.78
Amog,#ffd166,pr,2025-04-23T00:47:37,ToTL,8.48
Amog,#ffd166,pr,2025-04-24T07:34:03,ToXM,4.96
Amog,#ffd166,pr,2025-04-26T07:22:20,ToCZ,5.05
Amog,#ffd166,pr,2025-04-26T14:45:01,ToDaD,5.22
Amog,#ffd166,pr,2025-04-26T15:13:14,FFAST,4.79
Amog,#ffd166,pr,2025-04-29T00:32:23,ToCF,5.19
Amog,#ffd166,pr,2025-04-29T00:59:35,ToGM,5.07
Amog,#ffd166,pr,2025-05-18T09:29:01,ToGO,6.49
Amog,#ffd166,pr,2025-05-23T01:31:01,ToEE,6.49
fairylog,#4cc9f0,pr,2025-05-25T15:45:36,NEAT,1.11
Amog,#ffd166,pr,2025-05-25T23:27:28,ToGD,7.17
Amog,#ffd166,pr,2025-05-26T02:56:44,ToWMT,5.03
Amog,#ffd166,pr,2025-05-28T14:29:42,ToDTD,5.14
Amog,#ffd166,pr,2025-05-30T20:36:03,SoD,5.15
Amog,#ffd166,pr,2025-05-30T22:15:50,ToDM,5.17
Amog,#ffd166,pr,2025-05-31T01:30:43,ToGV,5.18
Amog,#ffd166,pr,2025-06-01T09:59:29,ToSTS,5.31
Amog,#ffd166,pr,2025-06-03T21:31:51,ToVF,5.25
Amog,#ffd166,pr,2025-06-04T00:49:32,ToLS,5.27
Amog,#ffd166,pr,2025-06-05T00:40:41,SoWC,5.82
Amog,#ffd166,pr,2025-06-05T14:44:10,SoMC,6.22
Amog,#ffd166,pr,2025-06-06T21:43:04,ToRL,5.32
Amog,#ffd166,pr,2025-06-07T19:17:09,ToSRD,6.01
Amog,#ffd166,pr,2025-06-10T00:46:32,ToNN,6.73
fairylog,#4cc9f0,pr,2025-06-11T20:46:31,ToZD,1.15
Amog,#ffd166,pr,2025-06-13T19:01:16,ToDL,5.37
Amog,#ffd166,pr,2025-06-15T03:16:51,ToLR,4.13
Amog,#ffd166,pr,2025-06-15T04:17:53,ToYLFW,4.73
Amog,#ffd166,pr,2025-06-16T04:41:51,ToPLA,4.96
Amog,#ffd166,pr,2025-06-16T21:09:01,SoBA,6.03
Amog,#ffd166,pr,2025-06-16T22:47:24,ToPA,6.0
Amog,#ffd166,pr,2025-06-17T09:44:40,GoETR,6.62
fairylog,#4cc9f0,pr,2025-06-17T19:22:18,ToA,1.5
Amog,#ffd166,pr,2025-06-18T03:34:19,ToBIBI,5.38
Amog,#ffd166,pr,2025-06-18T05:38:47,ToHH,9.36
Amog,#ffd166,pr,2025-06-21T18:32:20,ToTINT,5.42
Amog,#ffd166,pr,2025-06-22T04:27:01,ToTI,5.45
Amog,#ffd166,pr,2025-06-22T08:08:06,ToCC,5.46
Amog,#ffd166,pr,2025-06-22T09:46:53,ToAS,5.54
Amog,#ffd166,pr,2025-06-22T12:32:35,ToMC,5.56
fairylog,#4cc9f0,pr,2025-06-22T17:16:56,ToM,2.12
Amog,#ffd166,pr,2025-06-23T14:46:13,ToOO,5.59
Amog,#ffd166,pr,2025-06-24T15:00:47,ToFL,5.6
Amog,#ffd166,pr,2025-06-25T08:05:09,ToVA,5.6
Amog,#ffd166,pr,2025-06-25T13:11:51,ToCE,5.61
Amog,#ffd166,pr,2025-06-27T16:32:10,ToUH,8.19
Amog,#ffd166,pr,2025-06-28T16:54:16,SoBC,5.63
Amog,#ffd166,pr,2025-06-28T19:52:13,ToHA,8.14
Amog,#ffd166,pr,2025-07-07T02:11:50,ToSM,9.46
Amog,#ffd166,pr,2025-07-08T00:58:52,ToIT,5.63
Amog,#ffd166,pr,2025-07-08T16:49:23,ToPC,5.82
Amog,#ffd166,pr,2025-07-08T17:00:03,SoGL,5.66
Amog,#ffd166,pr,2025-07-10T00:27:50,ToBL,5.68
Amog,#ffd166,pr,2025-07-12T23:36:46,ToOC,5.72
Amog,#ffd166,pr,2025-07-13T00:54:23,ToAA,5.75
Amog,#ffd166,pr,2025-07-15T04:52:52,ToCI,5.76
Amog,#ffd166,pr,2025-07-15T05:13:35,SoUC,5.78
Amog,#ffd166,pr,2025-07-16T22:33:06,SoCF,5.83
Amog,#ffd166,pr,2025-07-16T23:15:07,ToDA,5.85
Amog,#ffd166,pr,2025-07-17T00:51:19,SoALD,5.26
snow,#cfe8ff,pr,2025-07-17T16:24:00,ToAST,1.25
fairylog,#4cc9f0,pr,2025-07-17T21:05:39,ToK,3.47
Amog,#ffd166,pr,2025-07-19T02:28:25,ToAE,9.0
Eggnote,#ff5ca8,pr,2025-07-19T03:28:25,ToKY,4.1
Eggnote,#ff5ca8,pr,2025-07-19T04:09:11,ToDaC,4.91
Amog,#ffd166,pr,2025-07-20T04:33:28,ToVV,5.95
Amog,#ffd166,pr,2025-07-21T00:40:28,ToWS,5.88
Amog,#ffd166,pr,2025-07-25T23:10:13,ToHM,5.88
Amog,#ffd166,pr,2025-07-30T04:55:30,ToBK,9.08
Amog,#ffd166,pr,2025-07-31T05:42:46,ToAF,7.02
fairylog,#4cc9f0,pr,2025-07-31T20:41:17,ToKY,4.1
fairylog,#4cc9f0,pr,2025-08-01T04:16:49,SoBJ,1.11
fairylog,#4cc9f0,pr,2025-08-02T17:35:26,ToNI,2.8
fairylog,#4cc9f0,pr,2025-08-03T00:09:32,ToSP,5.2
fairylog,#4cc9f0,pr,2025-08-03T20:31:53,SoO,2.67
fairylog,#4cc9f0,pr,2025-08-03T20:59:17,SoMD,1.22
fairylog,#4cc9f0,pr,2025-08-03T22:13:43,ToSFU,1.05
Amog,#ffd166,pr,2025-08-04T10:04:38,SoTMM,5.92
fairylog,#4cc9f0,pr,2025-08-04T18:30:43,SoMM,1.76
fairylog,#4cc9f0,pr,2025-08-04T19:33:46,SoSIS,4.03
Amog,#ffd166,pr,2025-08-06T17:33:58,SoXA,5.9
fairylog,#4cc9f0,pr,2025-08-06T17:52:14,ToPHaT,1.55
Amog,#ffd166,pr,2025-08-09T01:11:11,ToFR,5.96
Amog,#ffd166,pr,2025-08-09T14:39:20,ToTTT,6.06
Amog,#ffd166,pr,2025-08-09T15:41:14,ToUE,5.99
Amog,#ffd166,pr,2025-08-11T00:42:50,ToMIM,6.02
Amog,#ffd166,pr,2025-08-15T07:10:25,SAT,5.53
Amog,#ffd166,pr,2025-08-15T07:40:31,SoTMN,5.89
Eggnote,#ff5ca8,pr,2025-08-15T16:45:48,ToPA,6.0
Amog,#ffd166,pr,2025-08-16T01:22:01,ToCaV,10.15
Amog,#ffd166,pr,2025-08-16T02:08:00,SoWG,6.02
fairylog,#4cc9f0,pr,2025-08-18T00:49:01,ToPA,6.0
fairylog,#4cc9f0,pr,2025-08-18T01:46:50,ToFT,1.7
Amog,#ffd166,pr,2025-08-23T02:27:03,ToFF,6.05
Amog,#ffd166,pr,2025-08-23T04:10:19,ToSR,6.08
fairylog,#4cc9f0,pr,2025-08-26T21:27:02,SoDS,1.54
Amog,#ffd166,pr,2025-08-28T03:14:15,ToEA,6.12
Amog,#ffd166,pr,2025-08-28T05:14:12,CoPE,7.07
Amog,#ffd166,pr,2025-08-28T05:51:55,ToNEF,6.65
Amog,#ffd166,pr,2025-08-29T03:29:46,ToADF,6.12
Amog,#ffd166,pr,2025-08-30T04:53:57,ToQC,6.18
Amog,#ffd166,pr,2025-08-30T09:42:17,CoWS,7.96
Amog,#ffd166,pr,2025-08-31T00:24:52,ToHL,6.25
Amog,#ffd166,pr,2025-09-03T08:46:27,ToWIA,6.26
Amog,#ffd166,pr,2025-09-15T21:23:12,CoSR,7.34
Amog,#ffd166,pr,2025-09-15T23:40:29,ToHR,8.7
fairylog,#4cc9f0,pr,2025-09-18T01:58:45,ToFSC,1.58
Amog,#ffd166,pr,2025-09-18T21:19:33,ToIF,8.45
Amog,#ffd166,pr,2025-09-19T22:34:02,SoTP,7.65
Amog,#ffd166,pr,2025-09-22T01:12:29,ToY,6.27
Amog,#ffd166,pr,2025-09-23T02:39:01,ToOOO,6.29
Amog,#ffd166,pr,2025-09-23T04:37:18,ToPZ,8.77
Amog,#ffd166,pr,2025-09-23T19:08:52,ToISC,6.3
Amog,#ffd166,pr,2025-09-23T23:55:02,SoUB,6.54
Amog,#ffd166,pr,2025-09-24T02:39:42,ToTUTU,6.32
Amog,#ffd166,pr,2025-09-29T21:46:33,ToDE,6.75
Amog,#ffd166,pr,2025-10-09T13:14:01,ToIO,6.32
Amog,#ffd166,pr,2025-10-11T23:50:27,ToSO,9.53
Amog,#ffd166,pr,2025-10-12T03:39:37,SoUV,2.74
Amog,#ffd166,pr,2025-10-12T05:17:17,SoW,3.24
Amog,#ffd166,pr,2025-10-12T17:27:03,ToHP,4.77
Amog,#ffd166,pr,2025-10-13T01:10:45,ToCIAD,3.59
Amog,#ffd166,pr,2025-10-13T04:43:01,ToOTTF,7.12
Amog,#ffd166,pr,2025-10-17T17:21:51,SoDD,6.32
Amog,#ffd166,pr,2025-10-18T00:19:54,ToON,6.33
Amog,#ffd166,pr,2025-10-18T10:41:21,ToHK,6.33
Amog,#ffd166,pr,2025-10-19T04:34:38,ToHE,6.33
Amog,#ffd166,pr,2025-10-25T01:44:15,ToIR,6.36
Amog,#ffd166,pr,2025-10-27T22:07:30,ToG,1.0
Amog,#ffd166,pr,2025-10-27T22:32:39,ToB,1.48
Amog,#ffd166,pr,2025-10-27T22:51:13,ToME,1.46
Amog,#ffd166,pr,2025-10-28T04:45:54,ToCD,1.93
Amog,#ffd166,pr,2025-10-28T05:04:56,ToVP,2.44
Amog,#ffd166,pr,2025-10-28T07:08:52,ToBM,2.0
Amog,#ffd166,pr,2025-10-28T07:16:26,TNF,3.11
Amog,#ffd166,pr,2025-10-28T12:27:04,ToKP,2.54
Amog,#ffd166,pr,2025-10-28T21:35:08,ToNSA,2.79
Amog,#ffd166,pr,2025-10-29T06:00:32,CoV,4.25
Amog,#ffd166,pr,2025-10-30T00:45:42,ToKTS,3.0
Amog,#ffd166,pr,2025-10-30T01:08:42,ToDAN,3.35
Amog,#ffd166,pr,2025-10-31T09:50:56,PTR,5.41
Amog,#ffd166,pr,2025-11-05T02:59:46,ToEI,9.95
Amog,#ffd166,pr,2025-11-26T06:30:50,ToW,6.4
Amog,#ffd166,pr,2025-12-24T22:55:23,ToAM,11.0
fairylog,#4cc9f0,pr,2025-12-25T23:51:34,ToG,1.0
Amog,#ffd166,pr,2026-01-09T02:59:14,ToFM,10.0
Amog,#ffd166,pr,2026-01-10T01:07:04,SoIB,6.4
Amog,#ffd166,pr,2026-01-23T20:58:28,TAT,6.99
Amog,#ffd166,pr,2026-01-24T14:48:01,SoGC,1.86
Amog,#ffd166,pr,2026-01-24T15:03:40,SoZZP,1.43
Amog,#ffd166,pr,2026-01-24T16:35:09,ToSL,2.55
Amog,#ffd166,pr,2026-01-24T23:39:08,ToSaT,2.85
Amog,#ffd166,pr,2026-01-25T00:09:01,ToCBTS,3.77
Amog,#ffd166,pr,2026-01-25T00:36:59,ToFH,3.1
Amog,#ffd166,pr,2026-01-25T01:01:10,ToTFC,3.85
Amog,#ffd166,pr,2026-01-25T22:52:00,SoBCM,4.65
Amog,#ffd166,pr,2026-01-25T23:33:34,ToGK,7.33
Amog,#ffd166,pr,2026-02-01T00:26:42,ToQR,2.72
Amog,#ffd166,pr,2026-02-01T00:50:25,SoDR,5.09
Amog,#ffd166,pr,2026-02-02T23:42:26,ToWoW,6.42
Amog,#ffd166,pr,2026-02-03T21:30:17,ToHF,6.45
Amog,#ffd166,pr,2026-02-06T02:19:38,ToEH,8.17
Amog,#ffd166,pr,2026-02-06T23:22:15,ToCaUP,6.46
Amog,#ffd166,pr,2026-02-06T23:57:35,ToCMC,6.48
Amog,#ffd166,pr,2026-02-07T17:53:19,ToCA,8.46
Amog,#ffd166,pr,2026-02-07T22:52:57,ToWE,5.12
Amog,#ffd166,pr,2026-02-07T23:17:49,SoSK,5.79
Amog,#ffd166,pr,2026-02-10T06:52:45,ToFP,6.3
Amog,#ffd166,pr,2026-02-22T16:55:37,CoCHS,6.49
Amog,#ffd166,pr,2026-02-22T17:48:37,ToMB,8.36
Amog,#ffd166,pr,2026-02-22T23:26:50,ToGT,6.52
Amog,#ffd166,pr,2026-02-23T23:13:38,ToNGUE,6.54
Amog,#ffd166,pr,2026-02-25T23:44:35,ToLLL,6.55
Amog,#ffd166,pr,2026-02-26T23:26:56,ToADE,6.57
Amog,#ffd166,pr,2026-02-27T16:36:40,ToBT,8.21
Amog,#ffd166,pr,2026-03-04T00:47:55,ToUT,6.23
Amog,#ffd166,pr,2026-03-04T23:03:57,ToSW,6.64
Amog,#ffd166,pr,2026-03-06T01:26:57,ToUS,6.66
Amog,#ffd166,pr,2026-03-06T04:09:38,ToIB,8.47
Amog,#ffd166,pr,2026-03-10T23:37:49,ToNoS,6.66
Amog,#ffd166,pr,2026-03-14T03:17:27,ToDR,6.68
Amog,#ffd166,pr,2026-03-14T21:52:33,SoII,6.71
Amog,#ffd166,pr,2026-03-16T01:26:57,ToFS,6.71
Amog,#ffd166,pr,2026-03-27T12:31:34,ToWaW,6.74
Amog,#ffd166,pr,2026-03-27T23:03:17,ToWR,6.75
Amog,#ffd166,pr,2026-03-28T23:52:25,ToPI,7.52
Amog,#ffd166,pr,2026-03-30T00:55:00,ToAZ,6.76
Amog,#ffd166,pr,2026-03-30T12:11:05,ToML,6.78
Amog,#ffd166,pr,2026-04-07T01:15:18,ToZA,7.94
Amog,#ffd166,pr,2026-05-08T02:34:11,ToGF,11.17
Amog,#ffd166,pr,2026-05-13T00:38:17,ToSaPS,6.78
Amog,#ffd166,pr,2026-05-31T17:30:48,ToETU,6.79
fairylog,#4cc9f0,pr,2026-06-13T00:09:31,TNF,3.11
