player,country,color,date,rating
tourist,BY,#ffd166,2018-01-01,3407
tourist,BY,#ffd166,2018-01-15,3366
tourist,BY,#ffd166,2018-01-29,3368
tourist,BY,#ffd166,2018-02-12,3376
tourist,BY,#ffd166,2018-02-26,3395
tourist,BY,#ffd166,2018-03-12,3414
tourist,BY,#ffd166,2018-03-26,3412
tourist,BY,#ffd166,2018-04-09,3428
tourist,BY,#ffd166,2018-04-23,3438
tourist,BY,#ffd166,2018-05-07,3438
tourist,BY,#ffd166,2018-05-21,3431
tourist,BY,#ffd166,2018-06-04,3433
tourist,BY,#ffd166,2018-06-18,3458
tourist,BY,#ffd166,2018-07-02,3495
tourist,BY,#ffd166,2018-07-16,3509
tourist,BY,#ffd166,2018-07-30,3522
tourist,BY,#ffd166,2018-08-13,3519
tourist,BY,#ffd166,2018-08-27,3520
tourist,BY,#ffd166,2018-09-10,3501
tourist,BY,#ffd166,2018-09-24,3506
tourist,BY,#ffd166,2018-10-08,3517
tourist,BY,#ffd166,2018-10-22,3551
tourist,BY,#ffd166,2018-11-05,3574
tourist,BY,#ffd166,2018-11-19,3590
tourist,BY,#ffd166,2018-12-03,3601
tourist,BY,#ffd166,2018-12-17,3599
tourist,BY,#ffd166,2018-12-31,3593
tourist,BY,#ffd166,2019-01-14,3580
tourist,BY,#ffd166,2019-01-28,3571
tourist,BY,#ffd166,2019-02-11,3599
tourist,BY,#ffd166,2019-02-25,3623
tourist,BY,#ffd166,2019-03-11,3655
tourist,BY,#ffd166,2019-03-25,3630
tourist,BY,#ffd166,2019-04-08,3609
tourist,BY,#ffd166,2019-04-22,3601
tourist,BY,#ffd166,2019-05-06,3630
tourist,BY,#ffd166,2019-05-20,3634
tourist,BY,#ffd166,2019-06-03,3623
tourist,BY,#ffd166,2019-06-17,3606
tourist,BY,#ffd166,2019-07-01,3607
tourist,BY,#ffd166,2019-07-15,3607
tourist,BY,#ffd166,2019-07-29,3615
tourist,BY,#ffd166,2019-08-12,3649
tourist,BY,#ffd166,2019-08-26,3678
tourist,BY,#ffd166,2019-09-09,3670
tourist,BY,#ffd166,2019-09-23,3632
tourist,BY,#ffd166,2019-10-07,3607
tourist,BY,#ffd166,2019-10-21,3613
tourist,BY,#ffd166,2019-11-04,3618
tourist,BY,#ffd166,2019-11-18,3615
tourist,BY,#ffd166,2019-12-02,3618
tourist,BY,#ffd166,2019-12-16,3626
tourist,BY,#ffd166,2019-12-30,3644
tourist,BY,#ffd166,2020-01-13,3625
tourist,BY,#ffd166,2020-01-27,3601
tourist,BY,#ffd166,2020-02-10,3566
tourist,BY,#ffd166,2020-02-24,3568
tourist,BY,#ffd166,2020-03-09,3564
tourist,BY,#ffd166,2020-03-23,3567
tourist,BY,#ffd166,2020-04-06,3547
tourist,BY,#ffd166,2020-04-20,3545
tourist,BY,#ffd166,2020-05-04,3529
tourist,BY,#ffd166,2020-05-18,3559
tourist,BY,#ffd166,2020-06-01,3582
tourist,BY,#ffd166,2020-06-15,3613
tourist,BY,#ffd166,2020-06-29,3602
tourist,BY,#ffd166,2020-07-13,3589
tourist,BY,#ffd166,2020-07-27,3580
tourist,BY,#ffd166,2020-08-10,3580
tourist,BY,#ffd166,2020-08-24,3577
tourist,BY,#ffd166,2020-09-07,3566
tourist,BY,#ffd166,2020-09-21,3564
tourist,BY,#ffd166,2020-10-05,3574
tourist,BY,#ffd166,2020-10-19,3607
tourist,BY,#ffd166,2020-11-02,3628
tourist,BY,#ffd166,2020-11-16,3647
tourist,BY,#ffd166,2020-11-30,3650
tourist,BY,#ffd166,2020-12-14,3645
tourist,BY,#ffd166,2020-12-28,3661
tourist,BY,#ffd166,2021-01-11,3680
tourist,BY,#ffd166,2021-01-25,3710
tourist,BY,#ffd166,2021-02-08,3721
tourist,BY,#ffd166,2021-02-22,3717
tourist,BY,#ffd166,2021-03-08,3720
tourist,BY,#ffd166,2021-03-22,3710
tourist,BY,#ffd166,2021-04-05,3719
tourist,BY,#ffd166,2021-04-19,3725
tourist,BY,#ffd166,2021-05-03,3747
tourist,BY,#ffd166,2021-05-17,3754
tourist,BY,#ffd166,2021-05-31,3771
tourist,BY,#ffd166,2021-06-14,3761
tourist,BY,#ffd166,2021-06-28,3756
tourist,BY,#ffd166,2021-07-12,3730
tourist,BY,#ffd166,2021-07-26,3734
tourist,BY,#ffd166,2021-08-09,3733
tourist,BY,#ffd166,2021-08-23,3728
tourist,BY,#ffd166,2021-09-06,3713
tourist,BY,#ffd166,2021-09-20,3701
tourist,BY,#ffd166,2021-10-04,3704
tourist,BY,#ffd166,2021-10-18,3717
tourist,BY,#ffd166,2021-11-01,3711
tourist,BY,#ffd166,2021-11-15,3705
tourist,BY,#ffd166,2021-11-29,3692
tourist,BY,#ffd166,2021-12-13,3704
tourist,BY,#ffd166,2021-12-27,3706
tourist,BY,#ffd166,2022-01-10,3696
tourist,BY,#ffd166,2022-01-24,3687
tourist,BY,#ffd166,2022-02-07,3682
tourist,BY,#ffd166,2022-02-21,3679
tourist,BY,#ffd166,2022-03-07,3671
tourist,BY,#ffd166,2022-03-21,3656
tourist,BY,#ffd166,2022-04-04,3650
tourist,BY,#ffd166,2022-04-18,3653
tourist,BY,#ffd166,2022-05-02,3663
tourist,BY,#ffd166,2022-05-16,3668
tourist,BY,#ffd166,2022-05-30,3660
tourist,BY,#ffd166,2022-06-13,3670
tourist,BY,#ffd166,2022-06-27,3663
tourist,BY,#ffd166,2022-07-11,3669
tourist,BY,#ffd166,2022-07-25,3656
tourist,BY,#ffd166,2022-08-08,3659
tourist,BY,#ffd166,2022-08-22,3657
tourist,BY,#ffd166,2022-09-05,3647
tourist,BY,#ffd166,2022-09-19,3647
tourist,BY,#ffd166,2022-10-03,3650
tourist,BY,#ffd166,2022-10-17,3681
tourist,BY,#ffd166,2022-10-31,3698
tourist,BY,#ffd166,2022-11-14,3689
tourist,BY,#ffd166,2022-11-28,3691
tourist,BY,#ffd166,2022-12-12,3717
tourist,BY,#ffd166,2022-12-26,3759
tourist,BY,#ffd166,2023-01-09,3770
tourist,BY,#ffd166,2023-01-23,3755
tourist,BY,#ffd166,2023-02-06,3750
tourist,BY,#ffd166,2023-02-20,3754
tourist,BY,#ffd166,2023-03-06,3776
tourist,BY,#ffd166,2023-03-20,3777
tourist,BY,#ffd166,2023-04-03,3784
tourist,BY,#ffd166,2023-04-17,3794
tourist,BY,#ffd166,2023-05-01,3810
tourist,BY,#ffd166,2023-05-15,3815
tourist,BY,#ffd166,2023-05-29,3807
tourist,BY,#ffd166,2023-06-12,3808
tourist,BY,#ffd166,2023-06-26,3808
tourist,BY,#ffd166,2023-07-10,3806
tourist,BY,#ffd166,2023-07-24,3806
tourist,BY,#ffd166,2023-08-07,3825
tourist,BY,#ffd166,2023-08-21,3838
tourist,BY,#ffd166,2023-09-04,3832
tourist,BY,#ffd166,2023-09-18,3807
tourist,BY,#ffd166,2023-10-02,3784
tourist,BY,#ffd166,2023-10-16,3780
tourist,BY,#ffd166,2023-10-30,3772
tourist,BY,#ffd166,2023-11-13,3756
tourist,BY,#ffd166,2023-11-27,3734
tourist,BY,#ffd166,2023-12-11,3727
tourist,BY,#ffd166,2023-12-25,3734
tourist,BY,#ffd166,2024-01-08,3746
tourist,BY,#ffd166,2024-01-22,3751
tourist,BY,#ffd166,2024-02-05,3735
tourist,BY,#ffd166,2024-02-19,3723
tourist,BY,#ffd166,2024-03-04,3707
tourist,BY,#ffd166,2024-03-18,3711
tourist,BY,#ffd166,2024-04-01,3712
tourist,BY,#ffd166,2024-04-15,3723
tourist,BY,#ffd166,2024-04-29,3715
tourist,BY,#ffd166,2024-05-13,3711
tourist,BY,#ffd166,2024-05-27,3695
tourist,BY,#ffd166,2024-06-10,3713
tourist,BY,#ffd166,2024-06-24,3725
tourist,BY,#ffd166,2024-07-08,3731
tourist,BY,#ffd166,2024-07-22,3725
tourist,BY,#ffd166,2024-08-05,3710
tourist,BY,#ffd166,2024-08-19,3713
tourist,BY,#ffd166,2024-09-02,3710
tourist,BY,#ffd166,2024-09-16,3724
tourist,BY,#ffd166,2024-09-30,3735
tourist,BY,#ffd166,2024-10-14,3740
tourist,BY,#ffd166,2024-10-28,3745
tourist,BY,#ffd166,2024-11-11,3758
tourist,BY,#ffd166,2024-11-25,3764
tourist,BY,#ffd166,2024-12-09,3757
tourist,BY,#ffd166,2024-12-23,3746
tourist,BY,#ffd166,2025-01-06,3747
tourist,BY,#ffd166,2025-01-20,3761
tourist,BY,#ffd166,2025-02-03,3783
tourist,BY,#ffd166,2025-02-17,3822
tourist,BY,#ffd166,2025-03-03,3854
tourist,BY,#ffd166,2025-03-17,3843
tourist,BY,#ffd166,2025-03-31,3813
tourist,BY,#ffd166,2025-04-14,3797
tourist,BY,#ffd166,2025-04-28,3809
tourist,BY,#ffd166,2025-05-12,3842
tourist,BY,#ffd166,2025-05-26,3869
tourist,BY,#ffd166,2025-06-09,3884
tourist,BY,#ffd166,2025-06-23,3889
tourist,BY,#ffd166,2025-07-07,3888
tourist,BY,#ffd166,2025-07-21,3876
tourist,BY,#ffd166,2025-08-04,3876
tourist,BY,#ffd166,2025-08-18,3870
tourist,BY,#ffd166,2025-09-01,3865
tourist,BY,#ffd166,2025-09-15,3850
tourist,BY,#ffd166,2025-09-29,3831
tourist,BY,#ffd166,2025-10-13,3840
tourist,BY,#ffd166,2025-10-27,3832
tourist,BY,#ffd166,2025-11-10,3826
tourist,BY,#ffd166,2025-11-24,3806
tourist,BY,#ffd166,2025-12-08,3793
tourist,BY,#ffd166,2025-12-22,3794
tourist,BY,#ffd166,2026-01-05,3794
tourist,BY,#ffd166,2026-01-19,3804
tourist,BY,#ffd166,2026-02-02,3808
tourist,BY,#ffd166,2026-02-16,3819
tourist,BY,#ffd166,2026-03-02,3812
tourist,BY,#ffd166,2026-03-16,3796
tourist,BY,#ffd166,2026-03-30,3792
tourist,BY,#ffd166,2026-04-13,3803
tourist,BY,#ffd166,2026-04-27,3825
tourist,BY,#ffd166,2026-05-11,3824
tourist,BY,#ffd166,2026-05-25,3815
tourist,BY,#ffd166,2026-06-01,3801
jiangly,CN,#4cc9f0,2018-01-01,2500
jiangly,CN,#4cc9f0,2018-01-15,2513
jiangly,CN,#4cc9f0,2018-01-29,2546
jiangly,CN,#4cc9f0,2018-02-12,2571
jiangly,CN,#4cc9f0,2018-02-26,2609
jiangly,CN,#4cc9f0,2018-03-12,2607
jiangly,CN,#4cc9f0,2018-03-26,2602
jiangly,CN,#4cc9f0,2018-04-09,2582
jiangly,CN,#4cc9f0,2018-04-23,2579
jiangly,CN,#4cc9f0,2018-05-07,2593
jiangly,CN,#4cc9f0,2018-05-21,2608
jiangly,CN,#4cc9f0,2018-06-04,2627
jiangly,CN,#4cc9f0,2018-06-18,2639
jiangly,CN,#4cc9f0,2018-07-02,2659
jiangly,CN,#4cc9f0,2018-07-16,2677
jiangly,CN,#4cc9f0,2018-07-30,2682
jiangly,CN,#4cc9f0,2018-08-13,2672
jiangly,CN,#4cc9f0,2018-08-27,2660
jiangly,CN,#4cc9f0,2018-09-10,2664
jiangly,CN,#4cc9f0,2018-09-24,2684
jiangly,CN,#4cc9f0,2018-10-08,2698
jiangly,CN,#4cc9f0,2018-10-22,2691
jiangly,CN,#4cc9f0,2018-11-05,2679
jiangly,CN,#4cc9f0,2018-11-19,2679
jiangly,CN,#4cc9f0,2018-12-03,2706
jiangly,CN,#4cc9f0,2018-12-17,2715
jiangly,CN,#4cc9f0,2018-12-31,2718
jiangly,CN,#4cc9f0,2019-01-14,2706
jiangly,CN,#4cc9f0,2019-01-28,2723
jiangly,CN,#4cc9f0,2019-02-11,2729
jiangly,CN,#4cc9f0,2019-02-25,2745
jiangly,CN,#4cc9f0,2019-03-11,2734
jiangly,CN,#4cc9f0,2019-03-25,2728
jiangly,CN,#4cc9f0,2019-04-08,2724
jiangly,CN,#4cc9f0,2019-04-22,2741
jiangly,CN,#4cc9f0,2019-05-06,2767
jiangly,CN,#4cc9f0,2019-05-20,2788
jiangly,CN,#4cc9f0,2019-06-03,2789
jiangly,CN,#4cc9f0,2019-06-17,2799
jiangly,CN,#4cc9f0,2019-07-01,2793
jiangly,CN,#4cc9f0,2019-07-15,2783
jiangly,CN,#4cc9f0,2019-07-29,2763
jiangly,CN,#4cc9f0,2019-08-12,2756
jiangly,CN,#4cc9f0,2019-08-26,2774
jiangly,CN,#4cc9f0,2019-09-09,2792
jiangly,CN,#4cc9f0,2019-09-23,2824
jiangly,CN,#4cc9f0,2019-10-07,2836
jiangly,CN,#4cc9f0,2019-10-21,2850
jiangly,CN,#4cc9f0,2019-11-04,2856
jiangly,CN,#4cc9f0,2019-11-18,2868
jiangly,CN,#4cc9f0,2019-12-02,2870
jiangly,CN,#4cc9f0,2019-12-16,2870
jiangly,CN,#4cc9f0,2019-12-30,2860
jiangly,CN,#4cc9f0,2020-01-13,2858
jiangly,CN,#4cc9f0,2020-01-27,2870
jiangly,CN,#4cc9f0,2020-02-10,2886
jiangly,CN,#4cc9f0,2020-02-24,2919
jiangly,CN,#4cc9f0,2020-03-09,2922
jiangly,CN,#4cc9f0,2020-03-23,2921
jiangly,CN,#4cc9f0,2020-04-06,2890
jiangly,CN,#4cc9f0,2020-04-20,2879
jiangly,CN,#4cc9f0,2020-05-04,2889
jiangly,CN,#4cc9f0,2020-05-18,2919
jiangly,CN,#4cc9f0,2020-06-01,2956
jiangly,CN,#4cc9f0,2020-06-15,2982
jiangly,CN,#4cc9f0,2020-06-29,3001
jiangly,CN,#4cc9f0,2020-07-13,3023
jiangly,CN,#4cc9f0,2020-07-27,3047
jiangly,CN,#4cc9f0,2020-08-10,3054
jiangly,CN,#4cc9f0,2020-08-24,3037
jiangly,CN,#4cc9f0,2020-09-07,3031
jiangly,CN,#4cc9f0,2020-09-21,3037
jiangly,CN,#4cc9f0,2020-10-05,3046
jiangly,CN,#4cc9f0,2020-10-19,3040
jiangly,CN,#4cc9f0,2020-11-02,3049
jiangly,CN,#4cc9f0,2020-11-16,3068
jiangly,CN,#4cc9f0,2020-11-30,3090
jiangly,CN,#4cc9f0,2020-12-14,3108
jiangly,CN,#4cc9f0,2020-12-28,3106
jiangly,CN,#4cc9f0,2021-01-11,3108
jiangly,CN,#4cc9f0,2021-01-25,3093
jiangly,CN,#4cc9f0,2021-02-08,3105
jiangly,CN,#4cc9f0,2021-02-22,3099
jiangly,CN,#4cc9f0,2021-03-08,3100
jiangly,CN,#4cc9f0,2021-03-22,3089
jiangly,CN,#4cc9f0,2021-04-05,3105
jiangly,CN,#4cc9f0,2021-04-19,3133
jiangly,CN,#4cc9f0,2021-05-03,3155
jiangly,CN,#4cc9f0,2021-05-17,3165
jiangly,CN,#4cc9f0,2021-05-31,3152
jiangly,CN,#4cc9f0,2021-06-14,3144
jiangly,CN,#4cc9f0,2021-06-28,3144
jiangly,CN,#4cc9f0,2021-07-12,3156
jiangly,CN,#4cc9f0,2021-07-26,3186
jiangly,CN,#4cc9f0,2021-08-09,3192
jiangly,CN,#4cc9f0,2021-08-23,3198
jiangly,CN,#4cc9f0,2021-09-06,3187
jiangly,CN,#4cc9f0,2021-09-20,3205
jiangly,CN,#4cc9f0,2021-10-04,3193
jiangly,CN,#4cc9f0,2021-10-18,3194
jiangly,CN,#4cc9f0,2021-11-01,3192
jiangly,CN,#4cc9f0,2021-11-15,3234
jiangly,CN,#4cc9f0,2021-11-29,3271
jiangly,CN,#4cc9f0,2021-12-13,3290
jiangly,CN,#4cc9f0,2021-12-27,3295
jiangly,CN,#4cc9f0,2022-01-10,3295
jiangly,CN,#4cc9f0,2022-01-24,3297
jiangly,CN,#4cc9f0,2022-02-07,3299
jiangly,CN,#4cc9f0,2022-02-21,3298
jiangly,CN,#4cc9f0,2022-03-07,3296
jiangly,CN,#4cc9f0,2022-03-21,3291
jiangly,CN,#4cc9f0,2022-04-04,3288
jiangly,CN,#4cc9f0,2022-04-18,3292
jiangly,CN,#4cc9f0,2022-05-02,3310
jiangly,CN,#4cc9f0,2022-05-16,3325
jiangly,CN,#4cc9f0,2022-05-30,3338
jiangly,CN,#4cc9f0,2022-06-13,3340
jiangly,CN,#4cc9f0,2022-06-27,3360
jiangly,CN,#4cc9f0,2022-07-11,3375
jiangly,CN,#4cc9f0,2022-07-25,3385
jiangly,CN,#4cc9f0,2022-08-08,3379
jiangly,CN,#4cc9f0,2022-08-22,3395
jiangly,CN,#4cc9f0,2022-09-05,3417
jiangly,CN,#4cc9f0,2022-09-19,3431
jiangly,CN,#4cc9f0,2022-10-03,3433
jiangly,CN,#4cc9f0,2022-10-17,3445
jiangly,CN,#4cc9f0,2022-10-31,3454
jiangly,CN,#4cc9f0,2022-11-14,3455
jiangly,CN,#4cc9f0,2022-11-28,3456
jiangly,CN,#4cc9f0,2022-12-12,3471
jiangly,CN,#4cc9f0,2022-12-26,3470
jiangly,CN,#4cc9f0,2023-01-09,3460
jiangly,CN,#4cc9f0,2023-01-23,3447
jiangly,CN,#4cc9f0,2023-02-06,3434
jiangly,CN,#4cc9f0,2023-02-20,3422
jiangly,CN,#4cc9f0,2023-03-06,3440
jiangly,CN,#4cc9f0,2023-03-20,3470
jiangly,CN,#4cc9f0,2023-04-03,3504
jiangly,CN,#4cc9f0,2023-04-17,3516
jiangly,CN,#4cc9f0,2023-05-01,3515
jiangly,CN,#4cc9f0,2023-05-15,3529
jiangly,CN,#4cc9f0,2023-05-29,3536
jiangly,CN,#4cc9f0,2023-06-12,3545
jiangly,CN,#4cc9f0,2023-06-26,3546
jiangly,CN,#4cc9f0,2023-07-10,3550
jiangly,CN,#4cc9f0,2023-07-24,3559
jiangly,CN,#4cc9f0,2023-08-07,3555
jiangly,CN,#4cc9f0,2023-08-21,3561
jiangly,CN,#4cc9f0,2023-09-04,3564
jiangly,CN,#4cc9f0,2023-09-18,3563
jiangly,CN,#4cc9f0,2023-10-02,3555
jiangly,CN,#4cc9f0,2023-10-16,3549
jiangly,CN,#4cc9f0,2023-10-30,3557
jiangly,CN,#4cc9f0,2023-11-13,3551
jiangly,CN,#4cc9f0,2023-11-27,3567
jiangly,CN,#4cc9f0,2023-12-11,3570
jiangly,CN,#4cc9f0,2023-12-25,3582
jiangly,CN,#4cc9f0,2024-01-08,3573
jiangly,CN,#4cc9f0,2024-01-22,3567
jiangly,CN,#4cc9f0,2024-02-05,3563
jiangly,CN,#4cc9f0,2024-02-19,3562
jiangly,CN,#4cc9f0,2024-03-04,3575
jiangly,CN,#4cc9f0,2024-03-18,3578
jiangly,CN,#4cc9f0,2024-04-01,3585
jiangly,CN,#4cc9f0,2024-04-15,3591
jiangly,CN,#4cc9f0,2024-04-29,3619
jiangly,CN,#4cc9f0,2024-05-13,3646
jiangly,CN,#4cc9f0,2024-05-27,3647
jiangly,CN,#4cc9f0,2024-06-10,3630
jiangly,CN,#4cc9f0,2024-06-24,3622
jiangly,CN,#4cc9f0,2024-07-08,3626
jiangly,CN,#4cc9f0,2024-07-22,3627
jiangly,CN,#4cc9f0,2024-08-05,3619
jiangly,CN,#4cc9f0,2024-08-19,3610
jiangly,CN,#4cc9f0,2024-09-02,3633
jiangly,CN,#4cc9f0,2024-09-16,3652
jiangly,CN,#4cc9f0,2024-09-30,3692
jiangly,CN,#4cc9f0,2024-10-14,3701
jiangly,CN,#4cc9f0,2024-10-28,3681
jiangly,CN,#4cc9f0,2024-11-11,3657
jiangly,CN,#4cc9f0,2024-11-25,3624
jiangly,CN,#4cc9f0,2024-12-09,3647
jiangly,CN,#4cc9f0,2024-12-23,3677
jiangly,CN,#4cc9f0,2025-01-06,3724
jiangly,CN,#4cc9f0,2025-01-20,3714
jiangly,CN,#4cc9f0,2025-02-03,3687
jiangly,CN,#4cc9f0,2025-02-17,3661
jiangly,CN,#4cc9f0,2025-03-03,3666
jiangly,CN,#4cc9f0,2025-03-17,3662
jiangly,CN,#4cc9f0,2025-03-31,3666
jiangly,CN,#4cc9f0,2025-04-14,3672
jiangly,CN,#4cc9f0,2025-04-28,3697
jiangly,CN,#4cc9f0,2025-05-12,3691
jiangly,CN,#4cc9f0,2025-05-26,3704
jiangly,CN,#4cc9f0,2025-06-09,3707
jiangly,CN,#4cc9f0,2025-06-23,3741
jiangly,CN,#4cc9f0,2025-07-07,3758
jiangly,CN,#4cc9f0,2025-07-21,3767
jiangly,CN,#4cc9f0,2025-08-04,3755
jiangly,CN,#4cc9f0,2025-08-18,3756
jiangly,CN,#4cc9f0,2025-09-01,3753
jiangly,CN,#4cc9f0,2025-09-15,3749
jiangly,CN,#4cc9f0,2025-09-29,3721
jiangly,CN,#4cc9f0,2025-10-13,3706
jiangly,CN,#4cc9f0,2025-10-27,3702
jiangly,CN,#4cc9f0,2025-11-10,3730
jiangly,CN,#4cc9f0,2025-11-24,3744
jiangly,CN,#4cc9f0,2025-12-08,3754
jiangly,CN,#4cc9f0,2025-12-22,3743
jiangly,CN,#4cc9f0,2026-01-05,3750
jiangly,CN,#4cc9f0,2026-01-19,3744
jiangly,CN,#4cc9f0,2026-02-02,3740
jiangly,CN,#4cc9f0,2026-02-16,3734
jiangly,CN,#4cc9f0,2026-03-02,3732
jiangly,CN,#4cc9f0,2026-03-16,3730
jiangly,CN,#4cc9f0,2026-03-30,3720
jiangly,CN,#4cc9f0,2026-04-13,3719
jiangly,CN,#4cc9f0,2026-04-27,3706
jiangly,CN,#4cc9f0,2026-05-11,3720
jiangly,CN,#4cc9f0,2026-05-25,3722
jiangly,CN,#4cc9f0,2026-06-01,3729
Benq,US,#f72585,2018-01-01,2991
Benq,US,#f72585,2018-01-15,2995
Benq,US,#f72585,2018-01-29,3002
Benq,US,#f72585,2018-02-12,3025
Benq,US,#f72585,2018-02-26,3049
Benq,US,#f72585,2018-03-12,3047
Benq,US,#f72585,2018-03-26,3028
Benq,US,#f72585,2018-04-09,3021
Benq,US,#f72585,2018-04-23,3048
Benq,US,#f72585,2018-05-07,3087
Benq,US,#f72585,2018-05-21,3102
Benq,US,#f72585,2018-06-04,3097
Benq,US,#f72585,2018-06-18,3089
Benq,US,#f72585,2018-07-02,3083
Benq,US,#f72585,2018-07-16,3092
Benq,US,#f72585,2018-07-30,3084
Benq,US,#f72585,2018-08-13,3082
Benq,US,#f72585,2018-08-27,3074
Benq,US,#f72585,2018-09-10,3074
Benq,US,#f72585,2018-09-24,3092
Benq,US,#f72585,2018-10-08,3102
Benq,US,#f72585,2018-10-22,3119
Benq,US,#f72585,2018-11-05,3120
Benq,US,#f72585,2018-11-19,3140
Benq,US,#f72585,2018-12-03,3155
Benq,US,#f72585,2018-12-17,3151
Benq,US,#f72585,2018-12-31,3146
Benq,US,#f72585,2019-01-14,3134
Benq,US,#f72585,2019-01-28,3146
Benq,US,#f72585,2019-02-11,3126
Benq,US,#f72585,2019-02-25,3116
Benq,US,#f72585,2019-03-11,3114
Benq,US,#f72585,2019-03-25,3122
Benq,US,#f72585,2019-04-08,3128
Benq,US,#f72585,2019-04-22,3130
Benq,US,#f72585,2019-05-06,3135
Benq,US,#f72585,2019-05-20,3133
Benq,US,#f72585,2019-06-03,3140
Benq,US,#f72585,2019-06-17,3162
Benq,US,#f72585,2019-07-01,3180
Benq,US,#f72585,2019-07-15,3172
Benq,US,#f72585,2019-07-29,3164
Benq,US,#f72585,2019-08-12,3163
Benq,US,#f72585,2019-08-26,3160
Benq,US,#f72585,2019-09-09,3160
Benq,US,#f72585,2019-09-23,3171
Benq,US,#f72585,2019-10-07,3190
Benq,US,#f72585,2019-10-21,3227
Benq,US,#f72585,2019-11-04,3238
Benq,US,#f72585,2019-11-18,3239
Benq,US,#f72585,2019-12-02,3201
Benq,US,#f72585,2019-12-16,3180
Benq,US,#f72585,2019-12-30,3169
Benq,US,#f72585,2020-01-13,3173
Benq,US,#f72585,2020-01-27,3183
Benq,US,#f72585,2020-02-10,3188
Benq,US,#f72585,2020-02-24,3187
Benq,US,#f72585,2020-03-09,3188
Benq,US,#f72585,2020-03-23,3201
Benq,US,#f72585,2020-04-06,3219
Benq,US,#f72585,2020-04-20,3228
Benq,US,#f72585,2020-05-04,3247
Benq,US,#f72585,2020-05-18,3268
Benq,US,#f72585,2020-06-01,3279
Benq,US,#f72585,2020-06-15,3286
Benq,US,#f72585,2020-06-29,3269
Benq,US,#f72585,2020-07-13,3251
Benq,US,#f72585,2020-07-27,3229
Benq,US,#f72585,2020-08-10,3238
Benq,US,#f72585,2020-08-24,3238
Benq,US,#f72585,2020-09-07,3244
Benq,US,#f72585,2020-09-21,3242
Benq,US,#f72585,2020-10-05,3246
Benq,US,#f72585,2020-10-19,3240
Benq,US,#f72585,2020-11-02,3237
Benq,US,#f72585,2020-11-16,3269
Benq,US,#f72585,2020-11-30,3292
Benq,US,#f72585,2020-12-14,3305
Benq,US,#f72585,2020-12-28,3301
Benq,US,#f72585,2021-01-11,3292
Benq,US,#f72585,2021-01-25,3277
Benq,US,#f72585,2021-02-08,3266
Benq,US,#f72585,2021-02-22,3269
Benq,US,#f72585,2021-03-08,3277
Benq,US,#f72585,2021-03-22,3289
Benq,US,#f72585,2021-04-05,3293
Benq,US,#f72585,2021-04-19,3292
Benq,US,#f72585,2021-05-03,3299
Benq,US,#f72585,2021-05-17,3292
Benq,US,#f72585,2021-05-31,3290
Benq,US,#f72585,2021-06-14,3270
Benq,US,#f72585,2021-06-28,3269
Benq,US,#f72585,2021-07-12,3277
Benq,US,#f72585,2021-07-26,3275
Benq,US,#f72585,2021-08-09,3278
Benq,US,#f72585,2021-08-23,3286
Benq,US,#f72585,2021-09-06,3308
Benq,US,#f72585,2021-09-20,3301
Benq,US,#f72585,2021-10-04,3288
Benq,US,#f72585,2021-10-18,3290
Benq,US,#f72585,2021-11-01,3299
Benq,US,#f72585,2021-11-15,3308
Benq,US,#f72585,2021-11-29,3289
Benq,US,#f72585,2021-12-13,3279
Benq,US,#f72585,2021-12-27,3287
Benq,US,#f72585,2022-01-10,3305
Benq,US,#f72585,2022-01-24,3327
Benq,US,#f72585,2022-02-07,3340
Benq,US,#f72585,2022-02-21,3350
Benq,US,#f72585,2022-03-07,3362
Benq,US,#f72585,2022-03-21,3358
Benq,US,#f72585,2022-04-04,3342
Benq,US,#f72585,2022-04-18,3338
Benq,US,#f72585,2022-05-02,3333
Benq,US,#f72585,2022-05-16,3336
Benq,US,#f72585,2022-05-30,3338
Benq,US,#f72585,2022-06-13,3333
Benq,US,#f72585,2022-06-27,3339
Benq,US,#f72585,2022-07-11,3333
Benq,US,#f72585,2022-07-25,3337
Benq,US,#f72585,2022-08-08,3336
Benq,US,#f72585,2022-08-22,3339
Benq,US,#f72585,2022-09-05,3342
Benq,US,#f72585,2022-09-19,3347
Benq,US,#f72585,2022-10-03,3355
Benq,US,#f72585,2022-10-17,3370
Benq,US,#f72585,2022-10-31,3360
Benq,US,#f72585,2022-11-14,3352
Benq,US,#f72585,2022-11-28,3323
Benq,US,#f72585,2022-12-12,3319
Benq,US,#f72585,2022-12-26,3323
Benq,US,#f72585,2023-01-09,3331
Benq,US,#f72585,2023-01-23,3322
Benq,US,#f72585,2023-02-06,3297
Benq,US,#f72585,2023-02-20,3301
Benq,US,#f72585,2023-03-06,3311
Benq,US,#f72585,2023-03-20,3319
Benq,US,#f72585,2023-04-03,3300
Benq,US,#f72585,2023-04-17,3301
Benq,US,#f72585,2023-05-01,3299
Benq,US,#f72585,2023-05-15,3302
Benq,US,#f72585,2023-05-29,3304
Benq,US,#f72585,2023-06-12,3311
Benq,US,#f72585,2023-06-26,3302
Benq,US,#f72585,2023-07-10,3291
Benq,US,#f72585,2023-07-24,3284
Benq,US,#f72585,2023-08-07,3291
Benq,US,#f72585,2023-08-21,3282
Benq,US,#f72585,2023-09-04,3280
Benq,US,#f72585,2023-09-18,3293
Benq,US,#f72585,2023-10-02,3310
Benq,US,#f72585,2023-10-16,3312
Benq,US,#f72585,2023-10-30,3301
Benq,US,#f72585,2023-11-13,3297
Benq,US,#f72585,2023-11-27,3298
Benq,US,#f72585,2023-12-11,3311
Benq,US,#f72585,2023-12-25,3309
Benq,US,#f72585,2024-01-08,3310
Benq,US,#f72585,2024-01-22,3283
Benq,US,#f72585,2024-02-05,3278
Benq,US,#f72585,2024-02-19,3273
Benq,US,#f72585,2024-03-04,3279
Benq,US,#f72585,2024-03-18,3282
Benq,US,#f72585,2024-04-01,3289
Benq,US,#f72585,2024-04-15,3295
Benq,US,#f72585,2024-04-29,3293
Benq,US,#f72585,2024-05-13,3281
Benq,US,#f72585,2024-05-27,3271
Benq,US,#f72585,2024-06-10,3259
Benq,US,#f72585,2024-06-24,3260
Benq,US,#f72585,2024-07-08,3256
Benq,US,#f72585,2024-07-22,3262
Benq,US,#f72585,2024-08-05,3249
Benq,US,#f72585,2024-08-19,3242
Benq,US,#f72585,2024-09-02,3230
Benq,US,#f72585,2024-09-16,3206
Benq,US,#f72585,2024-09-30,3197
Benq,US,#f72585,2024-10-14,3196
Benq,US,#f72585,2024-10-28,3212
Benq,US,#f72585,2024-11-11,3212
Benq,US,#f72585,2024-11-25,3221
Benq,US,#f72585,2024-12-09,3239
Benq,US,#f72585,2024-12-23,3249
Benq,US,#f72585,2025-01-06,3250
Benq,US,#f72585,2025-01-20,3244
Benq,US,#f72585,2025-02-03,3242
Benq,US,#f72585,2025-02-17,3214
Benq,US,#f72585,2025-03-03,3205
Benq,US,#f72585,2025-03-17,3199
Benq,US,#f72585,2025-03-31,3217
Benq,US,#f72585,2025-04-14,3209
Benq,US,#f72585,2025-04-28,3209
Benq,US,#f72585,2025-05-12,3196
Benq,US,#f72585,2025-05-26,3204
Benq,US,#f72585,2025-06-09,3220
Benq,US,#f72585,2025-06-23,3231
Benq,US,#f72585,2025-07-07,3225
Benq,US,#f72585,2025-07-21,3205
Benq,US,#f72585,2025-08-04,3204
Benq,US,#f72585,2025-08-18,3209
Benq,US,#f72585,2025-09-01,3215
Benq,US,#f72585,2025-09-15,3210
Benq,US,#f72585,2025-09-29,3199
Benq,US,#f72585,2025-10-13,3192
Benq,US,#f72585,2025-10-27,3181
Benq,US,#f72585,2025-11-10,3176
Benq,US,#f72585,2025-11-24,3168
Benq,US,#f72585,2025-12-08,3175
Benq,US,#f72585,2025-12-22,3179
Benq,US,#f72585,2026-01-05,3177
Benq,US,#f72585,2026-01-19,3173
Benq,US,#f72585,2026-02-02,3186
Benq,US,#f72585,2026-02-16,3191
Benq,US,#f72585,2026-03-02,3191
Benq,US,#f72585,2026-03-16,3179
Benq,US,#f72585,2026-03-30,3174
Benq,US,#f72585,2026-04-13,3158
Benq,US,#f72585,2026-04-27,3153
Benq,US,#f72585,2026-05-11,3145
Benq,US,#f72585,2026-05-25,3145
Benq,US,#f72585,2026-06-01,3143
Radewoosh,PL,#fb8500,2018-01-01,2872
Radewoosh,PL,#fb8500,2018-01-15,2873
Radewoosh,PL,#fb8500,2018-01-29,2875
Radewoosh,PL,#fb8500,2018-02-12,2884
Radewoosh,PL,#fb8500,2018-02-26,2888
Radewoosh,PL,#fb8500,2018-03-12,2880
Radewoosh,PL,#fb8500,2018-03-26,2874
Radewoosh,PL,#fb8500,2018-04-09,2889
Radewoosh,PL,#fb8500,2018-04-23,2908
Radewoosh,PL,#fb8500,2018-05-07,2917
Radewoosh,PL,#fb8500,2018-05-21,2911
Radewoosh,PL,#fb8500,2018-06-04,2919
Radewoosh,PL,#fb8500,2018-06-18,2930
Radewoosh,PL,#fb8500,2018-07-02,2931
Radewoosh,PL,#fb8500,2018-07-16,2934
Radewoosh,PL,#fb8500,2018-07-30,2937
Radewoosh,PL,#fb8500,2018-08-13,2944
Radewoosh,PL,#fb8500,2018-08-27,2941
Radewoosh,PL,#fb8500,2018-09-10,2955
Radewoosh,PL,#fb8500,2018-09-24,2961
Radewoosh,PL,#fb8500,2018-10-08,2987
Radewoosh,PL,#fb8500,2018-10-22,2983
Radewoosh,PL,#fb8500,2018-11-05,2992
Radewoosh,PL,#fb8500,2018-11-19,2974
Radewoosh,PL,#fb8500,2018-12-03,2968
Radewoosh,PL,#fb8500,2018-12-17,2964
Radewoosh,PL,#fb8500,2018-12-31,2977
Radewoosh,PL,#fb8500,2019-01-14,2994
Radewoosh,PL,#fb8500,2019-01-28,3018
Radewoosh,PL,#fb8500,2019-02-11,3029
Radewoosh,PL,#fb8500,2019-02-25,3045
Radewoosh,PL,#fb8500,2019-03-11,3048
Radewoosh,PL,#fb8500,2019-03-25,3053
Radewoosh,PL,#fb8500,2019-04-08,3056
Radewoosh,PL,#fb8500,2019-04-22,3035
Radewoosh,PL,#fb8500,2019-05-06,3021
Radewoosh,PL,#fb8500,2019-05-20,3006
Radewoosh,PL,#fb8500,2019-06-03,3016
Radewoosh,PL,#fb8500,2019-06-17,3031
Radewoosh,PL,#fb8500,2019-07-01,3043
Radewoosh,PL,#fb8500,2019-07-15,3066
Radewoosh,PL,#fb8500,2019-07-29,3087
Radewoosh,PL,#fb8500,2019-08-12,3097
Radewoosh,PL,#fb8500,2019-08-26,3089
Radewoosh,PL,#fb8500,2019-09-09,3076
Radewoosh,PL,#fb8500,2019-09-23,3073
Radewoosh,PL,#fb8500,2019-10-07,3075
Radewoosh,PL,#fb8500,2019-10-21,3079
Radewoosh,PL,#fb8500,2019-11-04,3084
Radewoosh,PL,#fb8500,2019-11-18,3103
Radewoosh,PL,#fb8500,2019-12-02,3125
Radewoosh,PL,#fb8500,2019-12-16,3143
Radewoosh,PL,#fb8500,2019-12-30,3162
Radewoosh,PL,#fb8500,2020-01-13,3153
Radewoosh,PL,#fb8500,2020-01-27,3142
Radewoosh,PL,#fb8500,2020-02-10,3121
Radewoosh,PL,#fb8500,2020-02-24,3106
Radewoosh,PL,#fb8500,2020-03-09,3105
Radewoosh,PL,#fb8500,2020-03-23,3120
Radewoosh,PL,#fb8500,2020-04-06,3142
Radewoosh,PL,#fb8500,2020-04-20,3149
Radewoosh,PL,#fb8500,2020-05-04,3138
Radewoosh,PL,#fb8500,2020-05-18,3141
Radewoosh,PL,#fb8500,2020-06-01,3154
Radewoosh,PL,#fb8500,2020-06-15,3165
Radewoosh,PL,#fb8500,2020-06-29,3169
Radewoosh,PL,#fb8500,2020-07-13,3157
Radewoosh,PL,#fb8500,2020-07-27,3158
Radewoosh,PL,#fb8500,2020-08-10,3160
Radewoosh,PL,#fb8500,2020-08-24,3166
Radewoosh,PL,#fb8500,2020-09-07,3178
Radewoosh,PL,#fb8500,2020-09-21,3184
Radewoosh,PL,#fb8500,2020-10-05,3190
Radewoosh,PL,#fb8500,2020-10-19,3169
Radewoosh,PL,#fb8500,2020-11-02,3163
Radewoosh,PL,#fb8500,2020-11-16,3158
Radewoosh,PL,#fb8500,2020-11-30,3174
Radewoosh,PL,#fb8500,2020-12-14,3177
Radewoosh,PL,#fb8500,2020-12-28,3199
Radewoosh,PL,#fb8500,2021-01-11,3210
Radewoosh,PL,#fb8500,2021-01-25,3226
Radewoosh,PL,#fb8500,2021-02-08,3230
Radewoosh,PL,#fb8500,2021-02-22,3226
Radewoosh,PL,#fb8500,2021-03-08,3210
Radewoosh,PL,#fb8500,2021-03-22,3183
Radewoosh,PL,#fb8500,2021-04-05,3177
Radewoosh,PL,#fb8500,2021-04-19,3177
Radewoosh,PL,#fb8500,2021-05-03,3186
Radewoosh,PL,#fb8500,2021-05-17,3208
Radewoosh,PL,#fb8500,2021-05-31,3244
Radewoosh,PL,#fb8500,2021-06-14,3279
Radewoosh,PL,#fb8500,2021-06-28,3314
Radewoosh,PL,#fb8500,2021-07-12,3325
Radewoosh,PL,#fb8500,2021-07-26,3327
Radewoosh,PL,#fb8500,2021-08-09,3325
Radewoosh,PL,#fb8500,2021-08-23,3329
Radewoosh,PL,#fb8500,2021-09-06,3324
Radewoosh,PL,#fb8500,2021-09-20,3297
Radewoosh,PL,#fb8500,2021-10-04,3299
Radewoosh,PL,#fb8500,2021-10-18,3314
Radewoosh,PL,#fb8500,2021-11-01,3319
Radewoosh,PL,#fb8500,2021-11-15,3316
Radewoosh,PL,#fb8500,2021-11-29,3308
Radewoosh,PL,#fb8500,2021-12-13,3321
Radewoosh,PL,#fb8500,2021-12-27,3331
Radewoosh,PL,#fb8500,2022-01-10,3344
Radewoosh,PL,#fb8500,2022-01-24,3330
Radewoosh,PL,#fb8500,2022-02-07,3301
Radewoosh,PL,#fb8500,2022-02-21,3291
Radewoosh,PL,#fb8500,2022-03-07,3306
Radewoosh,PL,#fb8500,2022-03-21,3335
Radewoosh,PL,#fb8500,2022-04-04,3343
Radewoosh,PL,#fb8500,2022-04-18,3344
Radewoosh,PL,#fb8500,2022-05-02,3338
Radewoosh,PL,#fb8500,2022-05-16,3337
Radewoosh,PL,#fb8500,2022-05-30,3341
Radewoosh,PL,#fb8500,2022-06-13,3332
Radewoosh,PL,#fb8500,2022-06-27,3332
Radewoosh,PL,#fb8500,2022-07-11,3328
Radewoosh,PL,#fb8500,2022-07-25,3327
Radewoosh,PL,#fb8500,2022-08-08,3317
Radewoosh,PL,#fb8500,2022-08-22,3324
Radewoosh,PL,#fb8500,2022-09-05,3331
Radewoosh,PL,#fb8500,2022-09-19,3337
Radewoosh,PL,#fb8500,2022-10-03,3324
Radewoosh,PL,#fb8500,2022-10-17,3312
Radewoosh,PL,#fb8500,2022-10-31,3318
Radewoosh,PL,#fb8500,2022-11-14,3314
Radewoosh,PL,#fb8500,2022-11-28,3325
Radewoosh,PL,#fb8500,2022-12-12,3313
Radewoosh,PL,#fb8500,2022-12-26,3326
Radewoosh,PL,#fb8500,2023-01-09,3328
Radewoosh,PL,#fb8500,2023-01-23,3349
Radewoosh,PL,#fb8500,2023-02-06,3345
Radewoosh,PL,#fb8500,2023-02-20,3345
Radewoosh,PL,#fb8500,2023-03-06,3340
Radewoosh,PL,#fb8500,2023-03-20,3331
Radewoosh,PL,#fb8500,2023-04-03,3310
Radewoosh,PL,#fb8500,2023-04-17,3301
Radewoosh,PL,#fb8500,2023-05-01,3298
Radewoosh,PL,#fb8500,2023-05-15,3304
Radewoosh,PL,#fb8500,2023-05-29,3297
Radewoosh,PL,#fb8500,2023-06-12,3285
Radewoosh,PL,#fb8500,2023-06-26,3285
Radewoosh,PL,#fb8500,2023-07-10,3274
Radewoosh,PL,#fb8500,2023-07-24,3287
Radewoosh,PL,#fb8500,2023-08-07,3288
Radewoosh,PL,#fb8500,2023-08-21,3297
Radewoosh,PL,#fb8500,2023-09-04,3297
Radewoosh,PL,#fb8500,2023-09-18,3328
Radewoosh,PL,#fb8500,2023-10-02,3358
Radewoosh,PL,#fb8500,2023-10-16,3379
Radewoosh,PL,#fb8500,2023-10-30,3346
Radewoosh,PL,#fb8500,2023-11-13,3317
Radewoosh,PL,#fb8500,2023-11-27,3300
Radewoosh,PL,#fb8500,2023-12-11,3315
Radewoosh,PL,#fb8500,2023-12-25,3325
Radewoosh,PL,#fb8500,2024-01-08,3324
Radewoosh,PL,#fb8500,2024-01-22,3319
Radewoosh,PL,#fb8500,2024-02-05,3320
Radewoosh,PL,#fb8500,2024-02-19,3329
Radewoosh,PL,#fb8500,2024-03-04,3347
Radewoosh,PL,#fb8500,2024-03-18,3348
Radewoosh,PL,#fb8500,2024-04-01,3345
Radewoosh,PL,#fb8500,2024-04-15,3339
Radewoosh,PL,#fb8500,2024-04-29,3346
Radewoosh,PL,#fb8500,2024-05-13,3340
Radewoosh,PL,#fb8500,2024-05-27,3328
Radewoosh,PL,#fb8500,2024-06-10,3327
Radewoosh,PL,#fb8500,2024-06-24,3349
Radewoosh,PL,#fb8500,2024-07-08,3365
Radewoosh,PL,#fb8500,2024-07-22,3359
Radewoosh,PL,#fb8500,2024-08-05,3351
Radewoosh,PL,#fb8500,2024-08-19,3354
Radewoosh,PL,#fb8500,2024-09-02,3372
Radewoosh,PL,#fb8500,2024-09-16,3368
Radewoosh,PL,#fb8500,2024-09-30,3352
Radewoosh,PL,#fb8500,2024-10-14,3333
Radewoosh,PL,#fb8500,2024-10-28,3320
Radewoosh,PL,#fb8500,2024-11-11,3324
Radewoosh,PL,#fb8500,2024-11-25,3315
Radewoosh,PL,#fb8500,2024-12-09,3315
Radewoosh,PL,#fb8500,2024-12-23,3305
Radewoosh,PL,#fb8500,2025-01-06,3306
Radewoosh,PL,#fb8500,2025-01-20,3309
Radewoosh,PL,#fb8500,2025-02-03,3315
Radewoosh,PL,#fb8500,2025-02-17,3326
Radewoosh,PL,#fb8500,2025-03-03,3321
Radewoosh,PL,#fb8500,2025-03-17,3322
Radewoosh,PL,#fb8500,2025-03-31,3305
Radewoosh,PL,#fb8500,2025-04-14,3315
Radewoosh,PL,#fb8500,2025-04-28,3318
Radewoosh,PL,#fb8500,2025-05-12,3317
Radewoosh,PL,#fb8500,2025-05-26,3289
Radewoosh,PL,#fb8500,2025-06-09,3270
Radewoosh,PL,#fb8500,2025-06-23,3276
Radewoosh,PL,#fb8500,2025-07-07,3296
Radewoosh,PL,#fb8500,2025-07-21,3298
Radewoosh,PL,#fb8500,2025-08-04,3288
Radewoosh,PL,#fb8500,2025-08-18,3287
Radewoosh,PL,#fb8500,2025-09-01,3289
Radewoosh,PL,#fb8500,2025-09-15,3300
Radewoosh,PL,#fb8500,2025-09-29,3304
Radewoosh,PL,#fb8500,2025-10-13,3299
Radewoosh,PL,#fb8500,2025-10-27,3285
Radewoosh,PL,#fb8500,2025-11-10,3285
Radewoosh,PL,#fb8500,2025-11-24,3296
Radewoosh,PL,#fb8500,2025-12-08,3305
Radewoosh,PL,#fb8500,2025-12-22,3312
Radewoosh,PL,#fb8500,2026-01-05,3310
Radewoosh,PL,#fb8500,2026-01-19,3286
Radewoosh,PL,#fb8500,2026-02-02,3254
Radewoosh,PL,#fb8500,2026-02-16,3242
Radewoosh,PL,#fb8500,2026-03-02,3269
Radewoosh,PL,#fb8500,2026-03-16,3296
Radewoosh,PL,#fb8500,2026-03-30,3326
Radewoosh,PL,#fb8500,2026-04-13,3338
Radewoosh,PL,#fb8500,2026-04-27,3341
Radewoosh,PL,#fb8500,2026-05-11,3331
Radewoosh,PL,#fb8500,2026-05-25,3320
Radewoosh,PL,#fb8500,2026-06-01,3309
ksun48,CA,#90e0ef,2018-01-01,2702
ksun48,CA,#90e0ef,2018-01-15,2692
ksun48,CA,#90e0ef,2018-01-29,2696
ksun48,CA,#90e0ef,2018-02-12,2697
ksun48,CA,#90e0ef,2018-02-26,2705
ksun48,CA,#90e0ef,2018-03-12,2711
ksun48,CA,#90e0ef,2018-03-26,2719
ksun48,CA,#90e0ef,2018-04-09,2740
ksun48,CA,#90e0ef,2018-04-23,2752
ksun48,CA,#90e0ef,2018-05-07,2760
ksun48,CA,#90e0ef,2018-05-21,2753
ksun48,CA,#90e0ef,2018-06-04,2747
ksun48,CA,#90e0ef,2018-06-18,2738
ksun48,CA,#90e0ef,2018-07-02,2739
ksun48,CA,#90e0ef,2018-07-16,2746
ksun48,CA,#90e0ef,2018-07-30,2774
ksun48,CA,#90e0ef,2018-08-13,2789
ksun48,CA,#90e0ef,2018-08-27,2801
ksun48,CA,#90e0ef,2018-09-10,2810
ksun48,CA,#90e0ef,2018-09-24,2819
ksun48,CA,#90e0ef,2018-10-08,2818
ksun48,CA,#90e0ef,2018-10-22,2792
ksun48,CA,#90e0ef,2018-11-05,2777
ksun48,CA,#90e0ef,2018-11-19,2775
ksun48,CA,#90e0ef,2018-12-03,2778
ksun48,CA,#90e0ef,2018-12-17,2781
ksun48,CA,#90e0ef,2018-12-31,2773
ksun48,CA,#90e0ef,2019-01-14,2788
ksun48,CA,#90e0ef,2019-01-28,2811
ksun48,CA,#90e0ef,2019-02-11,2850
ksun48,CA,#90e0ef,2019-02-25,2875
ksun48,CA,#90e0ef,2019-03-11,2884
ksun48,CA,#90e0ef,2019-03-25,2874
ksun48,CA,#90e0ef,2019-04-08,2877
ksun48,CA,#90e0ef,2019-04-22,2893
ksun48,CA,#90e0ef,2019-05-06,2904
ksun48,CA,#90e0ef,2019-05-20,2896
ksun48,CA,#90e0ef,2019-06-03,2878
ksun48,CA,#90e0ef,2019-06-17,2867
ksun48,CA,#90e0ef,2019-07-01,2851
ksun48,CA,#90e0ef,2019-07-15,2833
ksun48,CA,#90e0ef,2019-07-29,2829
ksun48,CA,#90e0ef,2019-08-12,2839
ksun48,CA,#90e0ef,2019-08-26,2866
ksun48,CA,#90e0ef,2019-09-09,2883
ksun48,CA,#90e0ef,2019-09-23,2902
ksun48,CA,#90e0ef,2019-10-07,2898
ksun48,CA,#90e0ef,2019-10-21,2894
ksun48,CA,#90e0ef,2019-11-04,2906
ksun48,CA,#90e0ef,2019-11-18,2931
ksun48,CA,#90e0ef,2019-12-02,2951
ksun48,CA,#90e0ef,2019-12-16,2936
ksun48,CA,#90e0ef,2019-12-30,2911
ksun48,CA,#90e0ef,2020-01-13,2906
ksun48,CA,#90e0ef,2020-01-27,2907
ksun48,CA,#90e0ef,2020-02-10,2922
ksun48,CA,#90e0ef,2020-02-24,2892
ksun48,CA,#90e0ef,2020-03-09,2888
ksun48,CA,#90e0ef,2020-03-23,2869
ksun48,CA,#90e0ef,2020-04-06,2897
ksun48,CA,#90e0ef,2020-04-20,2922
ksun48,CA,#90e0ef,2020-05-04,2958
ksun48,CA,#90e0ef,2020-05-18,2974
ksun48,CA,#90e0ef,2020-06-01,2973
ksun48,CA,#90e0ef,2020-06-15,2947
ksun48,CA,#90e0ef,2020-06-29,2940
ksun48,CA,#90e0ef,2020-07-13,2933
ksun48,CA,#90e0ef,2020-07-27,2949
ksun48,CA,#90e0ef,2020-08-10,2961
ksun48,CA,#90e0ef,2020-08-24,2978
ksun48,CA,#90e0ef,2020-09-07,2983
ksun48,CA,#90e0ef,2020-09-21,2981
ksun48,CA,#90e0ef,2020-10-05,2977
ksun48,CA,#90e0ef,2020-10-19,2988
ksun48,CA,#90e0ef,2020-11-02,3009
ksun48,CA,#90e0ef,2020-11-16,3017
ksun48,CA,#90e0ef,2020-11-30,3025
ksun48,CA,#90e0ef,2020-12-14,3020
ksun48,CA,#90e0ef,2020-12-28,3041
ksun48,CA,#90e0ef,2021-01-11,3057
ksun48,CA,#90e0ef,2021-01-25,3062
ksun48,CA,#90e0ef,2021-02-08,3046
ksun48,CA,#90e0ef,2021-02-22,3036
ksun48,CA,#90e0ef,2021-03-08,3034
ksun48,CA,#90e0ef,2021-03-22,3027
ksun48,CA,#90e0ef,2021-04-05,3012
ksun48,CA,#90e0ef,2021-04-19,2998
ksun48,CA,#90e0ef,2021-05-03,3004
ksun48,CA,#90e0ef,2021-05-17,3014
ksun48,CA,#90e0ef,2021-05-31,3038
ksun48,CA,#90e0ef,2021-06-14,3058
ksun48,CA,#90e0ef,2021-06-28,3068
ksun48,CA,#90e0ef,2021-07-12,3078
ksun48,CA,#90e0ef,2021-07-26,3091
ksun48,CA,#90e0ef,2021-08-09,3087
ksun48,CA,#90e0ef,2021-08-23,3064
ksun48,CA,#90e0ef,2021-09-06,3036
ksun48,CA,#90e0ef,2021-09-20,3032
ksun48,CA,#90e0ef,2021-10-04,3045
ksun48,CA,#90e0ef,2021-10-18,3079
ksun48,CA,#90e0ef,2021-11-01,3099
ksun48,CA,#90e0ef,2021-11-15,3126
ksun48,CA,#90e0ef,2021-11-29,3122
ksun48,CA,#90e0ef,2021-12-13,3141
ksun48,CA,#90e0ef,2021-12-27,3130
ksun48,CA,#90e0ef,2022-01-10,3134
ksun48,CA,#90e0ef,2022-01-24,3114
ksun48,CA,#90e0ef,2022-02-07,3121
ksun48,CA,#90e0ef,2022-02-21,3135
ksun48,CA,#90e0ef,2022-03-07,3154
ksun48,CA,#90e0ef,2022-03-21,3143
ksun48,CA,#90e0ef,2022-04-04,3137
ksun48,CA,#90e0ef,2022-04-18,3126
ksun48,CA,#90e0ef,2022-05-02,3135
ksun48,CA,#90e0ef,2022-05-16,3119
ksun48,CA,#90e0ef,2022-05-30,3110
ksun48,CA,#90e0ef,2022-06-13,3112
ksun48,CA,#90e0ef,2022-06-27,3131
ksun48,CA,#90e0ef,2022-07-11,3147
ksun48,CA,#90e0ef,2022-07-25,3134
ksun48,CA,#90e0ef,2022-08-08,3134
ksun48,CA,#90e0ef,2022-08-22,3120
ksun48,CA,#90e0ef,2022-09-05,3116
ksun48,CA,#90e0ef,2022-09-19,3090
ksun48,CA,#90e0ef,2022-10-03,3101
ksun48,CA,#90e0ef,2022-10-17,3109
ksun48,CA,#90e0ef,2022-10-31,3126
ksun48,CA,#90e0ef,2022-11-14,3124
ksun48,CA,#90e0ef,2022-11-28,3123
ksun48,CA,#90e0ef,2022-12-12,3116
ksun48,CA,#90e0ef,2022-12-26,3107
ksun48,CA,#90e0ef,2023-01-09,3118
ksun48,CA,#90e0ef,2023-01-23,3106
ksun48,CA,#90e0ef,2023-02-06,3119
ksun48,CA,#90e0ef,2023-02-20,3111
ksun48,CA,#90e0ef,2023-03-06,3120
ksun48,CA,#90e0ef,2023-03-20,3114
ksun48,CA,#90e0ef,2023-04-03,3103
ksun48,CA,#90e0ef,2023-04-17,3093
ksun48,CA,#90e0ef,2023-05-01,3068
ksun48,CA,#90e0ef,2023-05-15,3063
ksun48,CA,#90e0ef,2023-05-29,3070
ksun48,CA,#90e0ef,2023-06-12,3087
ksun48,CA,#90e0ef,2023-06-26,3099
ksun48,CA,#90e0ef,2023-07-10,3115
ksun48,CA,#90e0ef,2023-07-24,3135
ksun48,CA,#90e0ef,2023-08-07,3127
ksun48,CA,#90e0ef,2023-08-21,3096
ksun48,CA,#90e0ef,2023-09-04,3062
ksun48,CA,#90e0ef,2023-09-18,3056
ksun48,CA,#90e0ef,2023-10-02,3056
ksun48,CA,#90e0ef,2023-10-16,3054
ksun48,CA,#90e0ef,2023-10-30,3047
ksun48,CA,#90e0ef,2023-11-13,3053
ksun48,CA,#90e0ef,2023-11-27,3066
ksun48,CA,#90e0ef,2023-12-11,3090
ksun48,CA,#90e0ef,2023-12-25,3108
ksun48,CA,#90e0ef,2024-01-08,3122
ksun48,CA,#90e0ef,2024-01-22,3112
ksun48,CA,#90e0ef,2024-02-05,3104
ksun48,CA,#90e0ef,2024-02-19,3086
ksun48,CA,#90e0ef,2024-03-04,3080
ksun48,CA,#90e0ef,2024-03-18,3075
ksun48,CA,#90e0ef,2024-04-01,3064
ksun48,CA,#90e0ef,2024-04-15,3054
ksun48,CA,#90e0ef,2024-04-29,3034
ksun48,CA,#90e0ef,2024-05-13,3016
ksun48,CA,#90e0ef,2024-05-27,3012
ksun48,CA,#90e0ef,2024-06-10,3027
ksun48,CA,#90e0ef,2024-06-24,3058
ksun48,CA,#90e0ef,2024-07-08,3064
ksun48,CA,#90e0ef,2024-07-22,3066
ksun48,CA,#90e0ef,2024-08-05,3049
ksun48,CA,#90e0ef,2024-08-19,3045
ksun48,CA,#90e0ef,2024-09-02,3034
ksun48,CA,#90e0ef,2024-09-16,3034
ksun48,CA,#90e0ef,2024-09-30,3028
ksun48,CA,#90e0ef,2024-10-14,3030
ksun48,CA,#90e0ef,2024-10-28,3022
ksun48,CA,#90e0ef,2024-11-11,3018
ksun48,CA,#90e0ef,2024-11-25,3007
ksun48,CA,#90e0ef,2024-12-09,3010
ksun48,CA,#90e0ef,2024-12-23,3019
ksun48,CA,#90e0ef,2025-01-06,3048
ksun48,CA,#90e0ef,2025-01-20,3071
ksun48,CA,#90e0ef,2025-02-03,3087
ksun48,CA,#90e0ef,2025-02-17,3064
ksun48,CA,#90e0ef,2025-03-03,3058
ksun48,CA,#90e0ef,2025-03-17,3058
ksun48,CA,#90e0ef,2025-03-31,3063
ksun48,CA,#90e0ef,2025-04-14,3049
ksun48,CA,#90e0ef,2025-04-28,3041
ksun48,CA,#90e0ef,2025-05-12,3019
ksun48,CA,#90e0ef,2025-05-26,3012
ksun48,CA,#90e0ef,2025-06-09,2995
ksun48,CA,#90e0ef,2025-06-23,2996
ksun48,CA,#90e0ef,2025-07-07,2978
ksun48,CA,#90e0ef,2025-07-21,2968
ksun48,CA,#90e0ef,2025-08-04,2977
ksun48,CA,#90e0ef,2025-08-18,2997
ksun48,CA,#90e0ef,2025-09-01,3012
ksun48,CA,#90e0ef,2025-09-15,3017
ksun48,CA,#90e0ef,2025-09-29,3019
ksun48,CA,#90e0ef,2025-10-13,3011
ksun48,CA,#90e0ef,2025-10-27,3009
ksun48,CA,#90e0ef,2025-11-10,3008
ksun48,CA,#90e0ef,2025-11-24,3029
ksun48,CA,#90e0ef,2025-12-08,3029
ksun48,CA,#90e0ef,2025-12-22,3035
ksun48,CA,#90e0ef,2026-01-05,3018
ksun48,CA,#90e0ef,2026-01-19,3027
ksun48,CA,#90e0ef,2026-02-02,3032
ksun48,CA,#90e0ef,2026-02-16,3048
ksun48,CA,#90e0ef,2026-03-02,3034
ksun48,CA,#90e0ef,2026-03-16,3023
ksun48,CA,#90e0ef,2026-03-30,3021
ksun48,CA,#90e0ef,2026-04-13,3019
ksun48,CA,#90e0ef,2026-04-27,3023
ksun48,CA,#90e0ef,2026-05-11,3005
ksun48,CA,#90e0ef,2026-05-25,3006
ksun48,CA,#90e0ef,2026-06-01,2997
nimbus,IN,#c77dff,2019-01-01,1687
nimbus,IN,#c77dff,2019-01-15,1687
nimbus,IN,#c77dff,2019-01-29,1684
nimbus,IN,#c77dff,2019-02-12,1681
nimbus,IN,#c77dff,2019-02-26,1680
nimbus,IN,#c77dff,2019-03-12,1681
nimbus,IN,#c77dff,2019-03-26,1694
nimbus,IN,#c77dff,2019-04-09,1718
nimbus,IN,#c77dff,2019-04-23,1753
nimbus,IN,#c77dff,2019-05-07,1776
nimbus,IN,#c77dff,2019-05-21,1779
nimbus,IN,#c77dff,2019-06-04,1786
nimbus,IN,#c77dff,2019-06-18,1786
nimbus,IN,#c77dff,2019-07-02,1820
nimbus,IN,#c77dff,2019-07-16,1833
nimbus,IN,#c77dff,2019-07-30,1862
nimbus,IN,#c77dff,2019-08-13,1878
nimbus,IN,#c77dff,2019-08-27,1905
nimbus,IN,#c77dff,2019-09-10,1935
nimbus,IN,#c77dff,2019-09-24,1937
nimbus,IN,#c77dff,2019-10-08,1940
nimbus,IN,#c77dff,2019-10-22,1922
nimbus,IN,#c77dff,2019-11-05,1930
nimbus,IN,#c77dff,2019-11-19,1942
nimbus,IN,#c77dff,2019-12-03,1963
nimbus,IN,#c77dff,2019-12-17,1967
nimbus,IN,#c77dff,2019-12-31,1985
nimbus,IN,#c77dff,2020-01-14,2013
nimbus,IN,#c77dff,2020-01-28,2032
nimbus,IN,#c77dff,2020-02-11,2042
nimbus,IN,#c77dff,2020-02-25,2028
nimbus,IN,#c77dff,2020-03-10,2033
nimbus,IN,#c77dff,2020-03-24,2029
nimbus,IN,#c77dff,2020-04-07,2054
nimbus,IN,#c77dff,2020-04-21,2076
nimbus,IN,#c77dff,2020-05-05,2113
nimbus,IN,#c77dff,2020-05-19,2141
nimbus,IN,#c77dff,2020-06-02,2151
nimbus,IN,#c77dff,2020-06-16,2139
nimbus,IN,#c77dff,2020-06-30,2125
nimbus,IN,#c77dff,2020-07-14,2143
nimbus,IN,#c77dff,2020-07-28,2173
nimbus,IN,#c77dff,2020-08-11,2193
nimbus,IN,#c77dff,2020-08-25,2190
nimbus,IN,#c77dff,2020-09-08,2190
nimbus,IN,#c77dff,2020-09-22,2203
nimbus,IN,#c77dff,2020-10-06,2228
nimbus,IN,#c77dff,2020-10-20,2231
nimbus,IN,#c77dff,2020-11-03,2227
nimbus,IN,#c77dff,2020-11-17,2236
nimbus,IN,#c77dff,2020-12-01,2264
nimbus,IN,#c77dff,2020-12-15,2296
nimbus,IN,#c77dff,2020-12-29,2301
nimbus,IN,#c77dff,2021-01-12,2308
nimbus,IN,#c77dff,2021-01-26,2305
nimbus,IN,#c77dff,2021-02-09,2316
nimbus,IN,#c77dff,2021-02-23,2320
nimbus,IN,#c77dff,2021-03-09,2323
nimbus,IN,#c77dff,2021-03-23,2338
nimbus,IN,#c77dff,2021-04-06,2358
nimbus,IN,#c77dff,2021-04-20,2387
nimbus,IN,#c77dff,2021-05-04,2410
nimbus,IN,#c77dff,2021-05-18,2424
nimbus,IN,#c77dff,2021-06-01,2440
nimbus,IN,#c77dff,2021-06-15,2438
nimbus,IN,#c77dff,2021-06-29,2430
nimbus,IN,#c77dff,2021-07-13,2427
nimbus,IN,#c77dff,2021-07-27,2439
nimbus,IN,#c77dff,2021-08-10,2457
nimbus,IN,#c77dff,2021-08-24,2460
nimbus,IN,#c77dff,2021-09-07,2460
nimbus,IN,#c77dff,2021-09-21,2465
nimbus,IN,#c77dff,2021-10-05,2478
nimbus,IN,#c77dff,2021-10-19,2506
nimbus,IN,#c77dff,2021-11-02,2524
nimbus,IN,#c77dff,2021-11-16,2549
nimbus,IN,#c77dff,2021-11-30,2557
nimbus,IN,#c77dff,2021-12-14,2571
nimbus,IN,#c77dff,2021-12-28,2579
nimbus,IN,#c77dff,2022-01-11,2590
nimbus,IN,#c77dff,2022-01-25,2604
nimbus,IN,#c77dff,2022-02-08,2614
nimbus,IN,#c77dff,2022-02-22,2641
nimbus,IN,#c77dff,2022-03-08,2645
nimbus,IN,#c77dff,2022-03-22,2664
nimbus,IN,#c77dff,2022-04-05,2663
nimbus,IN,#c77dff,2022-04-19,2677
nimbus,IN,#c77dff,2022-05-03,2679
nimbus,IN,#c77dff,2022-05-17,2672
nimbus,IN,#c77dff,2022-05-31,2669
nimbus,IN,#c77dff,2022-06-14,2677
nimbus,IN,#c77dff,2022-06-28,2704
nimbus,IN,#c77dff,2022-07-12,2745
nimbus,IN,#c77dff,2022-07-26,2752
nimbus,IN,#c77dff,2022-08-09,2749
nimbus,IN,#c77dff,2022-08-23,2739
nimbus,IN,#c77dff,2022-09-06,2759
nimbus,IN,#c77dff,2022-09-20,2785
nimbus,IN,#c77dff,2022-10-04,2796
nimbus,IN,#c77dff,2022-10-18,2800
nimbus,IN,#c77dff,2022-11-01,2791
nimbus,IN,#c77dff,2022-11-15,2797
nimbus,IN,#c77dff,2022-11-29,2799
nimbus,IN,#c77dff,2022-12-13,2795
nimbus,IN,#c77dff,2022-12-27,2792
nimbus,IN,#c77dff,2023-01-10,2799
nimbus,IN,#c77dff,2023-01-24,2815
nimbus,IN,#c77dff,2023-02-07,2829
nimbus,IN,#c77dff,2023-02-21,2840
nimbus,IN,#c77dff,2023-03-07,2846
nimbus,IN,#c77dff,2023-03-21,2865
nimbus,IN,#c77dff,2023-04-04,2856
nimbus,IN,#c77dff,2023-04-18,2855
nimbus,IN,#c77dff,2023-05-02,2854
nimbus,IN,#c77dff,2023-05-16,2878
nimbus,IN,#c77dff,2023-05-30,2905
nimbus,IN,#c77dff,2023-06-13,2919
nimbus,IN,#c77dff,2023-06-27,2922
nimbus,IN,#c77dff,2023-07-11,2944
nimbus,IN,#c77dff,2023-07-25,2967
nimbus,IN,#c77dff,2023-08-08,2985
nimbus,IN,#c77dff,2023-08-22,2973
nimbus,IN,#c77dff,2023-09-05,2950
nimbus,IN,#c77dff,2023-09-19,2946
nimbus,IN,#c77dff,2023-10-03,2954
nimbus,IN,#c77dff,2023-10-17,2968
nimbus,IN,#c77dff,2023-10-31,2964
nimbus,IN,#c77dff,2023-11-14,2946
nimbus,IN,#c77dff,2023-11-28,2948
nimbus,IN,#c77dff,2023-12-12,2953
nimbus,IN,#c77dff,2023-12-26,2992
nimbus,IN,#c77dff,2024-01-09,2997
nimbus,IN,#c77dff,2024-01-23,3023
nimbus,IN,#c77dff,2024-02-06,3029
nimbus,IN,#c77dff,2024-02-20,3035
nimbus,IN,#c77dff,2024-03-05,3031
nimbus,IN,#c77dff,2024-03-19,3019
nimbus,IN,#c77dff,2024-04-02,3028
nimbus,IN,#c77dff,2024-04-16,3038
nimbus,IN,#c77dff,2024-04-30,3035
nimbus,IN,#c77dff,2024-05-14,3018
nimbus,IN,#c77dff,2024-05-28,3012
nimbus,IN,#c77dff,2024-06-11,3005
nimbus,IN,#c77dff,2024-06-25,3007
nimbus,IN,#c77dff,2024-07-09,3012
nimbus,IN,#c77dff,2024-07-23,3015
nimbus,IN,#c77dff,2024-08-06,3012
nimbus,IN,#c77dff,2024-08-20,2995
nimbus,IN,#c77dff,2024-09-03,2983
nimbus,IN,#c77dff,2024-09-17,3000
nimbus,IN,#c77dff,2024-10-01,3009
nimbus,IN,#c77dff,2024-10-15,3032
nimbus,IN,#c77dff,2024-10-29,3031
nimbus,IN,#c77dff,2024-11-12,3024
nimbus,IN,#c77dff,2024-11-26,3023
nimbus,IN,#c77dff,2024-12-10,3045
nimbus,IN,#c77dff,2024-12-24,3094
nimbus,IN,#c77dff,2025-01-07,3119
nimbus,IN,#c77dff,2025-01-21,3110
nimbus,IN,#c77dff,2025-02-04,3087
nimbus,IN,#c77dff,2025-02-18,3088
nimbus,IN,#c77dff,2025-03-04,3093
nimbus,IN,#c77dff,2025-03-18,3093
nimbus,IN,#c77dff,2025-04-01,3082
nimbus,IN,#c77dff,2025-04-15,3055
nimbus,IN,#c77dff,2025-04-29,3040
nimbus,IN,#c77dff,2025-05-13,3038
nimbus,IN,#c77dff,2025-05-27,3073
nimbus,IN,#c77dff,2025-06-10,3093
nimbus,IN,#c77dff,2025-06-24,3101
nimbus,IN,#c77dff,2025-07-08,3095
nimbus,IN,#c77dff,2025-07-22,3100
nimbus,IN,#c77dff,2025-08-05,3123
nimbus,IN,#c77dff,2025-08-19,3135
nimbus,IN,#c77dff,2025-09-02,3135
nimbus,IN,#c77dff,2025-09-16,3117
nimbus,IN,#c77dff,2025-09-30,3115
nimbus,IN,#c77dff,2025-10-14,3132
nimbus,IN,#c77dff,2025-10-28,3141
nimbus,IN,#c77dff,2025-11-11,3137
nimbus,IN,#c77dff,2025-11-25,3124
nimbus,IN,#c77dff,2025-12-09,3122
nimbus,IN,#c77dff,2025-12-23,3122
nimbus,IN,#c77dff,2026-01-06,3122
nimbus,IN,#c77dff,2026-01-20,3126
nimbus,IN,#c77dff,2026-02-03,3142
nimbus,IN,#c77dff,2026-02-17,3137
nimbus,IN,#c77dff,2026-03-03,3124
nimbus,IN,#c77dff,2026-03-17,3091
nimbus,IN,#c77dff,2026-03-31,3095
nimbus,IN,#c77dff,2026-04-14,3108
nimbus,IN,#c77dff,2026-04-28,3129
nimbus,IN,#c77dff,2026-05-12,3146
nimbus,IN,#c77dff,2026-05-26,3171
nimbus,IN,#c77dff,2026-06-01,3200
sol_invictus,BR,#ff7b00,2019-06-01,1924
sol_invictus,BR,#ff7b00,2019-06-15,1914
sol_invictus,BR,#ff7b00,2019-06-29,1916
sol_invictus,BR,#ff7b00,2019-07-13,1920
sol_invictus,BR,#ff7b00,2019-07-27,1930
sol_invictus,BR,#ff7b00,2019-08-10,1915
sol_invictus,BR,#ff7b00,2019-08-24,1908
sol_invictus,BR,#ff7b00,2019-09-07,1908
sol_invictus,BR,#ff7b00,2019-09-21,1936
sol_invictus,BR,#ff7b00,2019-10-05,1946
sol_invictus,BR,#ff7b00,2019-10-19,1949
sol_invictus,BR,#ff7b00,2019-11-02,1929
sol_invictus,BR,#ff7b00,2019-11-16,1936
sol_invictus,BR,#ff7b00,2019-11-30,1929
sol_invictus,BR,#ff7b00,2019-12-14,1955
sol_invictus,BR,#ff7b00,2019-12-28,1958
sol_invictus,BR,#ff7b00,2020-01-11,1980
sol_invictus,BR,#ff7b00,2020-01-25,1989
sol_invictus,BR,#ff7b00,2020-02-08,1993
sol_invictus,BR,#ff7b00,2020-02-22,2010
sol_invictus,BR,#ff7b00,2020-03-07,2025
sol_invictus,BR,#ff7b00,2020-03-21,2054
sol_invictus,BR,#ff7b00,2020-04-04,2061
sol_invictus,BR,#ff7b00,2020-04-18,2059
sol_invictus,BR,#ff7b00,2020-05-02,2044
sol_invictus,BR,#ff7b00,2020-05-16,2042
sol_invictus,BR,#ff7b00,2020-05-30,2043
sol_invictus,BR,#ff7b00,2020-06-13,2063
sol_invictus,BR,#ff7b00,2020-06-27,2079
sol_invictus,BR,#ff7b00,2020-07-11,2099
sol_invictus,BR,#ff7b00,2020-07-25,2108
sol_invictus,BR,#ff7b00,2020-08-08,2111
sol_invictus,BR,#ff7b00,2020-08-22,2108
sol_invictus,BR,#ff7b00,2020-09-05,2099
sol_invictus,BR,#ff7b00,2020-09-19,2091
sol_invictus,BR,#ff7b00,2020-10-03,2092
sol_invictus,BR,#ff7b00,2020-10-17,2112
sol_invictus,BR,#ff7b00,2020-10-31,2140
sol_invictus,BR,#ff7b00,2020-11-14,2172
sol_invictus,BR,#ff7b00,2020-11-28,2190
sol_invictus,BR,#ff7b00,2020-12-12,2199
sol_invictus,BR,#ff7b00,2020-12-26,2216
sol_invictus,BR,#ff7b00,2021-01-09,2216
sol_invictus,BR,#ff7b00,2021-01-23,2213
sol_invictus,BR,#ff7b00,2021-02-06,2203
sol_invictus,BR,#ff7b00,2021-02-20,2200
sol_invictus,BR,#ff7b00,2021-03-06,2210
sol_invictus,BR,#ff7b00,2021-03-20,2213
sol_invictus,BR,#ff7b00,2021-04-03,2231
sol_invictus,BR,#ff7b00,2021-04-17,2241
sol_invictus,BR,#ff7b00,2021-05-01,2254
sol_invictus,BR,#ff7b00,2021-05-15,2264
sol_invictus,BR,#ff7b00,2021-05-29,2273
sol_invictus,BR,#ff7b00,2021-06-12,2282
sol_invictus,BR,#ff7b00,2021-06-26,2306
sol_invictus,BR,#ff7b00,2021-07-10,2341
sol_invictus,BR,#ff7b00,2021-07-24,2350
sol_invictus,BR,#ff7b00,2021-08-07,2332
sol_invictus,BR,#ff7b00,2021-08-21,2287
sol_invictus,BR,#ff7b00,2021-09-04,2277
sol_invictus,BR,#ff7b00,2021-09-18,2269
sol_invictus,BR,#ff7b00,2021-10-02,2287
sol_invictus,BR,#ff7b00,2021-10-16,2297
sol_invictus,BR,#ff7b00,2021-10-30,2312
sol_invictus,BR,#ff7b00,2021-11-13,2317
sol_invictus,BR,#ff7b00,2021-11-27,2328
sol_invictus,BR,#ff7b00,2021-12-11,2337
sol_invictus,BR,#ff7b00,2021-12-25,2339
sol_invictus,BR,#ff7b00,2022-01-08,2333
sol_invictus,BR,#ff7b00,2022-01-22,2321
sol_invictus,BR,#ff7b00,2022-02-05,2337
sol_invictus,BR,#ff7b00,2022-02-19,2361
sol_invictus,BR,#ff7b00,2022-03-05,2396
sol_invictus,BR,#ff7b00,2022-03-19,2399
sol_invictus,BR,#ff7b00,2022-04-02,2396
sol_invictus,BR,#ff7b00,2022-04-16,2377
sol_invictus,BR,#ff7b00,2022-04-30,2367
sol_invictus,BR,#ff7b00,2022-05-14,2355
sol_invictus,BR,#ff7b00,2022-05-28,2375
sol_invictus,BR,#ff7b00,2022-06-11,2398
sol_invictus,BR,#ff7b00,2022-06-25,2430
sol_invictus,BR,#ff7b00,2022-07-09,2460
sol_invictus,BR,#ff7b00,2022-07-23,2489
sol_invictus,BR,#ff7b00,2022-08-06,2490
sol_invictus,BR,#ff7b00,2022-08-20,2468
sol_invictus,BR,#ff7b00,2022-09-03,2445
sol_invictus,BR,#ff7b00,2022-09-17,2438
sol_invictus,BR,#ff7b00,2022-10-01,2431
sol_invictus,BR,#ff7b00,2022-10-15,2423
sol_invictus,BR,#ff7b00,2022-10-29,2422
sol_invictus,BR,#ff7b00,2022-11-12,2426
sol_invictus,BR,#ff7b00,2022-11-26,2438
sol_invictus,BR,#ff7b00,2022-12-10,2451
sol_invictus,BR,#ff7b00,2022-12-24,2459
sol_invictus,BR,#ff7b00,2023-01-07,2464
sol_invictus,BR,#ff7b00,2023-01-21,2476
sol_invictus,BR,#ff7b00,2023-02-04,2483
sol_invictus,BR,#ff7b00,2023-02-18,2488
sol_invictus,BR,#ff7b00,2023-03-04,2479
sol_invictus,BR,#ff7b00,2023-03-18,2488
sol_invictus,BR,#ff7b00,2023-04-01,2488
sol_invictus,BR,#ff7b00,2023-04-15,2506
sol_invictus,BR,#ff7b00,2023-04-29,2508
sol_invictus,BR,#ff7b00,2023-05-13,2510
sol_invictus,BR,#ff7b00,2023-05-27,2489
sol_invictus,BR,#ff7b00,2023-06-10,2486
sol_invictus,BR,#ff7b00,2023-06-24,2502
sol_invictus,BR,#ff7b00,2023-07-08,2527
sol_invictus,BR,#ff7b00,2023-07-22,2513
sol_invictus,BR,#ff7b00,2023-08-05,2490
sol_invictus,BR,#ff7b00,2023-08-19,2470
sol_invictus,BR,#ff7b00,2023-09-02,2498
sol_invictus,BR,#ff7b00,2023-09-16,2530
sol_invictus,BR,#ff7b00,2023-09-30,2556
sol_invictus,BR,#ff7b00,2023-10-14,2552
sol_invictus,BR,#ff7b00,2023-10-28,2546
sol_invictus,BR,#ff7b00,2023-11-11,2538
sol_invictus,BR,#ff7b00,2023-11-25,2534
sol_invictus,BR,#ff7b00,2023-12-09,2544
sol_invictus,BR,#ff7b00,2023-12-23,2567
sol_invictus,BR,#ff7b00,2024-01-06,2580
sol_invictus,BR,#ff7b00,2024-01-20,2567
sol_invictus,BR,#ff7b00,2024-02-03,2553
sol_invictus,BR,#ff7b00,2024-02-17,2556
sol_invictus,BR,#ff7b00,2024-03-02,2548
sol_invictus,BR,#ff7b00,2024-03-16,2551
sol_invictus,BR,#ff7b00,2024-03-30,2556
sol_invictus,BR,#ff7b00,2024-04-13,2572
sol_invictus,BR,#ff7b00,2024-04-27,2583
sol_invictus,BR,#ff7b00,2024-05-11,2584
sol_invictus,BR,#ff7b00,2024-05-25,2585
sol_invictus,BR,#ff7b00,2024-06-08,2565
sol_invictus,BR,#ff7b00,2024-06-22,2553
sol_invictus,BR,#ff7b00,2024-07-06,2572
sol_invictus,BR,#ff7b00,2024-07-20,2587
sol_invictus,BR,#ff7b00,2024-08-03,2588
sol_invictus,BR,#ff7b00,2024-08-17,2586
sol_invictus,BR,#ff7b00,2024-08-31,2580
sol_invictus,BR,#ff7b00,2024-09-14,2588
sol_invictus,BR,#ff7b00,2024-09-28,2591
sol_invictus,BR,#ff7b00,2024-10-12,2604
sol_invictus,BR,#ff7b00,2024-10-26,2618
sol_invictus,BR,#ff7b00,2024-11-09,2617
sol_invictus,BR,#ff7b00,2024-11-23,2615
sol_invictus,BR,#ff7b00,2024-12-07,2602
sol_invictus,BR,#ff7b00,2024-12-21,2599
sol_invictus,BR,#ff7b00,2025-01-04,2604
sol_invictus,BR,#ff7b00,2025-01-18,2615
sol_invictus,BR,#ff7b00,2025-02-01,2623
sol_invictus,BR,#ff7b00,2025-02-15,2619
sol_invictus,BR,#ff7b00,2025-03-01,2622
sol_invictus,BR,#ff7b00,2025-03-15,2622
sol_invictus,BR,#ff7b00,2025-03-29,2627
sol_invictus,BR,#ff7b00,2025-04-12,2632
sol_invictus,BR,#ff7b00,2025-04-26,2619
sol_invictus,BR,#ff7b00,2025-05-10,2609
sol_invictus,BR,#ff7b00,2025-05-24,2603
sol_invictus,BR,#ff7b00,2025-06-07,2627
sol_invictus,BR,#ff7b00,2025-06-21,2634
sol_invictus,BR,#ff7b00,2025-07-05,2650
sol_invictus,BR,#ff7b00,2025-07-19,2635
sol_invictus,BR,#ff7b00,2025-08-02,2638
sol_invictus,BR,#ff7b00,2025-08-16,2632
sol_invictus,BR,#ff7b00,2025-08-30,2647
sol_invictus,BR,#ff7b00,2025-09-13,2676
sol_invictus,BR,#ff7b00,2025-09-27,2682
sol_invictus,BR,#ff7b00,2025-10-11,2685
sol_invictus,BR,#ff7b00,2025-10-25,2656
sol_invictus,BR,#ff7b00,2025-11-08,2653
sol_invictus,BR,#ff7b00,2025-11-22,2643
sol_invictus,BR,#ff7b00,2025-12-06,2645
sol_invictus,BR,#ff7b00,2025-12-20,2625
sol_invictus,BR,#ff7b00,2026-01-03,2628
sol_invictus,BR,#ff7b00,2026-01-17,2632
sol_invictus,BR,#ff7b00,2026-01-31,2656
sol_invictus,BR,#ff7b00,2026-02-14,2663
sol_invictus,BR,#ff7b00,2026-02-28,2659
sol_invictus,BR,#ff7b00,2026-03-14,2654
sol_invictus,BR,#ff7b00,2026-03-28,2649
sol_invictus,BR,#ff7b00,2026-04-11,2649
sol_invictus,BR,#ff7b00,2026-04-25,2670
sol_invictus,BR,#ff7b00,2026-05-09,2695
sol_invictus,BR,#ff7b00,2026-05-23,2714
sol_invictus,BR,#ff7b00,2026-06-01,2702
kestrel,VN,#52b788,2019-03-01,1474
kestrel,VN,#52b788,2019-03-15,1468
kestrel,VN,#52b788,2019-03-29,1485
kestrel,VN,#52b788,2019-04-12,1516
kestrel,VN,#52b788,2019-04-26,1542
kestrel,VN,#52b788,2019-05-10,1554
kestrel,VN,#52b788,2019-05-24,1572
kestrel,VN,#52b788,2019-06-07,1595
kestrel,VN,#52b788,2019-06-21,1616
kestrel,VN,#52b788,2019-07-05,1622
kestrel,VN,#52b788,2019-07-19,1632
kestrel,VN,#52b788,2019-08-02,1637
kestrel,VN,#52b788,2019-08-16,1627
kestrel,VN,#52b788,2019-08-30,1636
kestrel,VN,#52b788,2019-09-13,1642
kestrel,VN,#52b788,2019-09-27,1665
kestrel,VN,#52b788,2019-10-11,1657
kestrel,VN,#52b788,2019-10-25,1664
kestrel,VN,#52b788,2019-11-08,1662
kestrel,VN,#52b788,2019-11-22,1671
kestrel,VN,#52b788,2019-12-06,1686
kestrel,VN,#52b788,2019-12-20,1689
kestrel,VN,#52b788,2020-01-03,1717
kestrel,VN,#52b788,2020-01-17,1726
kestrel,VN,#52b788,2020-01-31,1739
kestrel,VN,#52b788,2020-02-14,1735
kestrel,VN,#52b788,2020-02-28,1752
kestrel,VN,#52b788,2020-03-13,1787
kestrel,VN,#52b788,2020-03-27,1815
kestrel,VN,#52b788,2020-04-10,1813
kestrel,VN,#52b788,2020-04-24,1798
kestrel,VN,#52b788,2020-05-08,1774
kestrel,VN,#52b788,2020-05-22,1781
kestrel,VN,#52b788,2020-06-05,1792
kestrel,VN,#52b788,2020-06-19,1823
kestrel,VN,#52b788,2020-07-03,1830
kestrel,VN,#52b788,2020-07-17,1834
kestrel,VN,#52b788,2020-07-31,1840
kestrel,VN,#52b788,2020-08-14,1852
kestrel,VN,#52b788,2020-08-28,1881
kestrel,VN,#52b788,2020-09-11,1896
kestrel,VN,#52b788,2020-09-25,1910
kestrel,VN,#52b788,2020-10-09,1913
kestrel,VN,#52b788,2020-10-23,1933
kestrel,VN,#52b788,2020-11-06,1958
kestrel,VN,#52b788,2020-11-20,1980
kestrel,VN,#52b788,2020-12-04,1979
kestrel,VN,#52b788,2020-12-18,1985
kestrel,VN,#52b788,2021-01-01,1986
kestrel,VN,#52b788,2021-01-15,1985
kestrel,VN,#52b788,2021-01-29,1983
kestrel,VN,#52b788,2021-02-12,1993
kestrel,VN,#52b788,2021-02-26,2024
kestrel,VN,#52b788,2021-03-12,2061
kestrel,VN,#52b788,2021-03-26,2090
kestrel,VN,#52b788,2021-04-09,2106
kestrel,VN,#52b788,2021-04-23,2099
kestrel,VN,#52b788,2021-05-07,2099
kestrel,VN,#52b788,2021-05-21,2117
kestrel,VN,#52b788,2021-06-04,2149
kestrel,VN,#52b788,2021-06-18,2155
kestrel,VN,#52b788,2021-07-02,2154
kestrel,VN,#52b788,2021-07-16,2148
kestrel,VN,#52b788,2021-07-30,2157
kestrel,VN,#52b788,2021-08-13,2165
kestrel,VN,#52b788,2021-08-27,2174
kestrel,VN,#52b788,2021-09-10,2173
kestrel,VN,#52b788,2021-09-24,2172
kestrel,VN,#52b788,2021-10-08,2184
kestrel,VN,#52b788,2021-10-22,2204
kestrel,VN,#52b788,2021-11-05,2213
kestrel,VN,#52b788,2021-11-19,2206
kestrel,VN,#52b788,2021-12-03,2217
kestrel,VN,#52b788,2021-12-17,2236
kestrel,VN,#52b788,2021-12-31,2255
kestrel,VN,#52b788,2022-01-14,2258
kestrel,VN,#52b788,2022-01-28,2272
kestrel,VN,#52b788,2022-02-11,2281
kestrel,VN,#52b788,2022-02-25,2286
kestrel,VN,#52b788,2022-03-11,2267
kestrel,VN,#52b788,2022-03-25,2254
kestrel,VN,#52b788,2022-04-08,2263
kestrel,VN,#52b788,2022-04-22,2279
kestrel,VN,#52b788,2022-05-06,2320
kestrel,VN,#52b788,2022-05-20,2336
kestrel,VN,#52b788,2022-06-03,2364
kestrel,VN,#52b788,2022-06-17,2358
kestrel,VN,#52b788,2022-07-01,2361
kestrel,VN,#52b788,2022-07-15,2359
kestrel,VN,#52b788,2022-07-29,2348
kestrel,VN,#52b788,2022-08-12,2329
kestrel,VN,#52b788,2022-08-26,2304
kestrel,VN,#52b788,2022-09-09,2321
kestrel,VN,#52b788,2022-09-23,2338
kestrel,VN,#52b788,2022-10-07,2375
kestrel,VN,#52b788,2022-10-21,2404
kestrel,VN,#52b788,2022-11-04,2438
kestrel,VN,#52b788,2022-11-18,2445
kestrel,VN,#52b788,2022-12-02,2455
kestrel,VN,#52b788,2022-12-16,2464
kestrel,VN,#52b788,2022-12-30,2460
kestrel,VN,#52b788,2023-01-13,2433
kestrel,VN,#52b788,2023-01-27,2422
kestrel,VN,#52b788,2023-02-10,2418
kestrel,VN,#52b788,2023-02-24,2421
kestrel,VN,#52b788,2023-03-10,2406
kestrel,VN,#52b788,2023-03-24,2411
kestrel,VN,#52b788,2023-04-07,2422
kestrel,VN,#52b788,2023-04-21,2436
kestrel,VN,#52b788,2023-05-05,2448
kestrel,VN,#52b788,2023-05-19,2459
kestrel,VN,#52b788,2023-06-02,2456
kestrel,VN,#52b788,2023-06-16,2434
kestrel,VN,#52b788,2023-06-30,2422
kestrel,VN,#52b788,2023-07-14,2431
kestrel,VN,#52b788,2023-07-28,2441
kestrel,VN,#52b788,2023-08-11,2456
kestrel,VN,#52b788,2023-08-25,2454
kestrel,VN,#52b788,2023-09-08,2462
kestrel,VN,#52b788,2023-09-22,2449
kestrel,VN,#52b788,2023-10-06,2451
kestrel,VN,#52b788,2023-10-20,2473
kestrel,VN,#52b788,2023-11-03,2489
kestrel,VN,#52b788,2023-11-17,2492
kestrel,VN,#52b788,2023-12-01,2485
kestrel,VN,#52b788,2023-12-15,2482
kestrel,VN,#52b788,2023-12-29,2504
kestrel,VN,#52b788,2024-01-12,2498
kestrel,VN,#52b788,2024-01-26,2504
kestrel,VN,#52b788,2024-02-09,2502
kestrel,VN,#52b788,2024-02-23,2502
kestrel,VN,#52b788,2024-03-08,2503
kestrel,VN,#52b788,2024-03-22,2489
kestrel,VN,#52b788,2024-04-05,2515
kestrel,VN,#52b788,2024-04-19,2535
kestrel,VN,#52b788,2024-05-03,2561
kestrel,VN,#52b788,2024-05-17,2563
kestrel,VN,#52b788,2024-05-31,2567
kestrel,VN,#52b788,2024-06-14,2557
kestrel,VN,#52b788,2024-06-28,2562
kestrel,VN,#52b788,2024-07-12,2558
kestrel,VN,#52b788,2024-07-26,2559
kestrel,VN,#52b788,2024-08-09,2554
kestrel,VN,#52b788,2024-08-23,2554
kestrel,VN,#52b788,2024-09-06,2552
kestrel,VN,#52b788,2024-09-20,2555
kestrel,VN,#52b788,2024-10-04,2556
kestrel,VN,#52b788,2024-10-18,2568
kestrel,VN,#52b788,2024-11-01,2563
kestrel,VN,#52b788,2024-11-15,2569
kestrel,VN,#52b788,2024-11-29,2559
kestrel,VN,#52b788,2024-12-13,2551
kestrel,VN,#52b788,2024-12-27,2545
kestrel,VN,#52b788,2025-01-10,2563
kestrel,VN,#52b788,2025-01-24,2584
kestrel,VN,#52b788,2025-02-07,2601
kestrel,VN,#52b788,2025-02-21,2602
kestrel,VN,#52b788,2025-03-07,2586
kestrel,VN,#52b788,2025-03-21,2571
kestrel,VN,#52b788,2025-04-04,2560
kestrel,VN,#52b788,2025-04-18,2572
kestrel,VN,#52b788,2025-05-02,2581
kestrel,VN,#52b788,2025-05-16,2586
kestrel,VN,#52b788,2025-05-30,2575
kestrel,VN,#52b788,2025-06-13,2551
kestrel,VN,#52b788,2025-06-27,2532
kestrel,VN,#52b788,2025-07-11,2530
kestrel,VN,#52b788,2025-07-25,2561
kestrel,VN,#52b788,2025-08-08,2572
kestrel,VN,#52b788,2025-08-22,2574
kestrel,VN,#52b788,2025-09-05,2559
kestrel,VN,#52b788,2025-09-19,2559
kestrel,VN,#52b788,2025-10-03,2565
kestrel,VN,#52b788,2025-10-17,2579
kestrel,VN,#52b788,2025-10-31,2584
kestrel,VN,#52b788,2025-11-14,2592
kestrel,VN,#52b788,2025-11-28,2576
kestrel,VN,#52b788,2025-12-12,2592
kestrel,VN,#52b788,2025-12-26,2601
kestrel,VN,#52b788,2026-01-09,2630
kestrel,VN,#52b788,2026-01-23,2632
kestrel,VN,#52b788,2026-02-06,2637
kestrel,VN,#52b788,2026-02-20,2628
kestrel,VN,#52b788,2026-03-06,2618
kestrel,VN,#52b788,2026-03-20,2607
kestrel,VN,#52b788,2026-04-03,2617
kestrel,VN,#52b788,2026-04-17,2634
kestrel,VN,#52b788,2026-05-01,2654
kestrel,VN,#52b788,2026-05-15,2653
kestrel,VN,#52b788,2026-05-29,2619
kestrel,VN,#52b788,2026-06-01,2589
