x,1
0.00000,0.00000
0.00100,0.00000
0.00200,0.00000
0.00300,0.00001
0.00400,0.00001
0.00500,0.00002
0.00600,0.00002
0.00700,0.00003
0.00800,0.00004
0.00900,0.00006
0.01000,0.00007
0.01100,0.00008
0.01200,0.00010
0.01300,0.00012
0.01400,0.00014
0.01500,0.00016
0.01600,0.00018
0.01700,0.00020
0.01800,0.00022
0.01900,0.00025
0.02000,0.00028
0.02100,0.00031
0.02200,0.00034
0.02300,0.00037
0.02400,0.00040
0.02501,0.00043
0.02601,0.00047
0.02701,0.00051
0.02801,0.00054
0.02901,0.00058
0.03001,0.00062
0.03101,0.00067
0.03201,0.00071
0.03301,0.00076
0.03401,0.00080
0.03501,0.00085
0.03601,0.00090
0.03701,0.00095
0.03801,0.00100
0.03901,0.00106
0.04001,0.00111
0.04101,0.00117
0.04201,0.00122
0.04301,0.00128
0.04401,0.00134
0.04501,0.00141
0.04601,0.00147
0.04701,0.00153
0.04801,0.00160
0.04901,0.00167
0.05001,0.00174
0.05101,0.00181
0.05201,0.00188
0.05301,0.00195
0.05401,0.00202
0.05501,0.00210
0.05601,0.00218
0.05701,0.00226
0.05801,0.00234
0.05901,0.00242
0.06001,0.00250
0.06101,0.00258
0.06201,0.00267
0.06301,0.00276
0.06401,0.00284
0.06501,0.00293
0.06601,0.00303
0.06701,0.00312
0.06801,0.00321
0.06901,0.00331
0.07001,0.00340
0.07101,0.00350
0.07201,0.00360
0.07301,0.00370
0.07401,0.00380
0.07502,0.00391
0.07602,0.00401
0.07702,0.00412
0.07802,0.00423
0.07902,0.00434
0.08002,0.00445
0.08102,0.00456
0.08202,0.00467
0.08302,0.00479
0.08402,0.00490
0.08502,0.00502
0.08602,0.00514
0.08702,0.00526
0.08802,0.00538
0.08902,0.00551
0.09002,0.00563
0.09102,0.00576
0.09202,0.00589
0.09302,0.00602
0.09402,0.00615
0.09502,0.00628
0.09602,0.00641
0.09702,0.00655
0.09802,0.00668
0.09902,0.00682
0.10002,0.00696
0.10102,0.00710
0.10202,0.00724
0.10302,0.00738
0.10402,0.00753
0.10502,0.00767
0.10602,0.00782
0.10702,0.00797
0.10802,0.00812
0.10902,0.00827
0.11002,0.00843
0.11102,0.00858
0.11202,0.00874
0.11302,0.00889
0.11402,0.00905
0.11502,0.00921
0.11602,0.00937
0.11702,0.00954
0.11802,0.00970
0.11902,0.00987
0.12002,0.01004
0.12102,0.01020
0.12202,0.01037
0.12302,0.01055
0.12402,0.01072
0.12503,0.01089
0.12603,0.01107
0.12703,0.01125
0.12803,0.01143
0.12903,0.01161
0.13003,0.01179
0.13103,0.01197
0.13203,0.01216
0.13303,0.01234
0.13403,0.01253
0.13503,0.01272
0.13603,0.01291
0.13703,0.01310
0.13803,0.01329
0.13903,0.01349
0.14003,0.01368
0.14103,0.01388
0.14203,0.01408
0.14303,0.01428
0.14403,0.01448
0.14503,0.01469
0.14603,0.01489
0.14703,0.01510
0.14803,0.01530
0.14903,0.01551
0.15003,0.01572
0.15103,0.01594
0.15203,0.01615
0.15303,0.01636
0.15403,0.01658
0.15503,0.01680
0.15603,0.01702
0.15703,0.01724
0.15803,0.01746
0.15903,0.01769
0.16003,0.01791
0.16103,0.01814
0.16203,0.01836
0.16303,0.01859
0.16403,0.01883
0.16503,0.01906
0.16603,0.01929
0.16703,0.01953
0.16803,0.01976
0.16903,0.02000
0.17003,0.02024
0.17103,0.02048
0.17203,0.02073
0.17303,0.02097
0.17403,0.02122
0.17504,0.02146
0.17604,0.02171
0.17704,0.02196
0.17804,0.02221
0.17904,0.02247
0.18004,0.02272
0.18104,0.02298
0.18204,0.02323
0.18304,0.02349
0.18404,0.02375
0.18504,0.02402
0.18604,0.02428
0.18704,0.02454
0.18804,0.02481
0.18904,0.02508
0.19004,0.02535
0.19104,0.02562
0.19204,0.02589
0.19304,0.02617
0.19404,0.02644
0.19504,0.02672
0.19604,0.02700
0.19704,0.02728
0.19804,0.02756
0.19904,0.02784
0.20004,0.02813
0.20104,0.02841
0.20204,0.02870
0.20304,0.02899
0.20404,0.02928
0.20504,0.02957
0.20604,0.02986
0.20704,0.03016
0.20804,0.03045
0.20904,0.03075
0.21004,0.03105
0.21104,0.03135
0.21204,0.03166
0.21304,0.03196
0.21404,0.03227
0.21504,0.03257
0.21604,0.03288
0.21704,0.03319
0.21804,0.03350
0.21904,0.03382
0.22004,0.03413
0.22104,0.03445
0.22204,0.03477
0.22304,0.03508
0.22404,0.03541
0.22505,0.03573
0.22605,0.03605
0.22705,0.03638
0.22805,0.03670
0.22905,0.03703
0.23005,0.03736
0.23105,0.03769
0.23205,0.03803
0.23305,0.03836
0.23405,0.03870
0.23505,0.03904
0.23605,0.03938
0.23705,0.03972
0.23805,0.04006
0.23905,0.04040
0.24005,0.04075
0.24105,0.04110
0.24205,0.04145
0.24305,0.04180
0.24405,0.04215
0.24505,0.04250
0.24605,0.04286
0.24705,0.04321
0.24805,0.04357
0.24905,0.04393
0.25005,0.04429
0.25105,0.04465
0.25205,0.04502
0.25305,0.04539
0.25405,0.04575
0.25505,0.04612
0.25605,0.04649
0.25705,0.04687
0.25805,0.04724
0.25905,0.04761
0.26005,0.04799
0.26105,0.04837
0.26205,0.04875
0.26305,0.04913
0.26405,0.04952
0.26505,0.04990
0.26605,0.05029
0.26705,0.05068
0.26805,0.05107
0.26905,0.05146
0.27005,0.05185
0.27105,0.05224
0.27205,0.05264
0.27305,0.05304
0.27405,0.05344
0.27506,0.05384
0.27606,0.05424
0.27706,0.05465
0.27806,0.05505
0.27906,0.05546
0.28006,0.05587
0.28106,0.05628
0.28206,0.05669
0.28306,0.05711
0.28406,0.05752
0.28506,0.05794
0.28606,0.05836
0.28706,0.05878
0.28806,0.05920
0.28906,0.05963
0.29006,0.06005
0.29106,0.06048
0.29206,0.06091
0.29306,0.06134
0.29406,0.06177
0.29506,0.06220
0.29606,0.06264
0.29706,0.06308
0.29806,0.06351
0.29906,0.06395
0.30006,0.06440
0.30106,0.06484
0.30206,0.06529
0.30306,0.06573
0.30406,0.06618
0.30506,0.06663
0.30606,0.06708
0.30706,0.06754
0.30806,0.06799
0.30906,0.06845
0.31006,0.06891
0.31106,0.06937
0.31206,0.06983
0.31306,0.07029
0.31406,0.07076
0.31506,0.07123
0.31606,0.07170
0.31706,0.07217
0.31806,0.07264
0.31906,0.07311
0.32006,0.07359
0.32106,0.07407
0.32206,0.07454
0.32306,0.07503
0.32406,0.07551
0.32507,0.07599
0.32607,0.07648
0.32707,0.07697
0.32807,0.07745
0.32907,0.07795
0.33007,0.07844
0.33107,0.07893
0.33207,0.07943
0.33307,0.07993
0.33407,0.08043
0.33507,0.08093
0.33607,0.08143
0.33707,0.08194
0.33807,0.08244
0.33907,0.08295
0.34007,0.08346
0.34107,0.08397
0.34207,0.08449
0.34307,0.08500
0.34407,0.08552
0.34507,0.08604
0.34607,0.08656
0.34707,0.08708
0.34807,0.08760
0.34907,0.08813
0.35007,0.08866
0.35107,0.08919
0.35207,0.08972
0.35307,0.09025
0.35407,0.09078
0.35507,0.09132
0.35607,0.09186
0.35707,0.09240
0.35807,0.09294
0.35907,0.09348
0.36007,0.09403
0.36107,0.09458
0.36207,0.09513
0.36307,0.09568
0.36407,0.09623
0.36507,0.09678
0.36607,0.09734
0.36707,0.09790
0.36807,0.09846
0.36907,0.09902
0.37007,0.09958
0.37107,0.10015
0.37207,0.10071
0.37307,0.10128
0.37407,0.10185
0.37508,0.10243
0.37608,0.10300
0.37708,0.10358
0.37808,0.10415
0.37908,0.10473
0.38008,0.10532
0.38108,0.10590
0.38208,0.10648
0.38308,0.10707
0.38408,0.10766
0.38508,0.10825
0.38608,0.10884
0.38708,0.10944
0.38808,0.11003
0.38908,0.11063
0.39008,0.11123
0.39108,0.11183
0.39208,0.11244
0.39308,0.11304
0.39408,0.11365
0.39508,0.11426
0.39608,0.11487
0.39708,0.11549
0.39808,0.11610
0.39908,0.11672
0.40008,0.11734
0.40108,0.11796
0.40208,0.11858
0.40308,0.11920
0.40408,0.11983
0.40508,0.12046
0.40608,0.12109
0.40708,0.12172
0.40808,0.12236
0.40908,0.12299
0.41008,0.12363
0.41108,0.12427
0.41208,0.12491
0.41308,0.12556
0.41408,0.12620
0.41508,0.12685
0.41608,0.12750
0.41708,0.12815
0.41808,0.12880
0.41908,0.12946
0.42008,0.13012
0.42108,0.13078
0.42208,0.13144
0.42308,0.13210
0.42408,0.13276
0.42509,0.13343
0.42609,0.13410
0.42709,0.13477
0.42809,0.13544
0.42909,0.13612
0.43009,0.13680
0.43109,0.13748
0.43209,0.13816
0.43309,0.13884
0.43409,0.13952
0.43509,0.14021
0.43609,0.14090
0.43709,0.14159
0.43809,0.14228
0.43909,0.14298
0.44009,0.14368
0.44109,0.14437
0.44209,0.14508
0.44309,0.14578
0.44409,0.14648
0.44509,0.14719
0.44609,0.14790
0.44709,0.14861
0.44809,0.14932
0.44909,0.15004
0.45009,0.15076
0.45109,0.15147
0.45209,0.15220
0.45309,0.15292
0.45409,0.15364
0.45509,0.15437
0.45609,0.15510
0.45709,0.15583
0.45809,0.15657
0.45909,0.15730
0.46009,0.15804
0.46109,0.15878
0.46209,0.15952
0.46309,0.16027
0.46409,0.16101
0.46509,0.16176
0.46609,0.16251
0.46709,0.16326
0.46809,0.16402
0.46909,0.16477
0.47009,0.16553
0.47109,0.16629
0.47209,0.16706
0.47309,0.16782
0.47409,0.16859
0.47510,0.16936
0.47610,0.17013
0.47710,0.17090
0.47810,0.17168
0.47910,0.17246
0.48010,0.17324
0.48110,0.17402
0.48210,0.17480
0.48310,0.17559
0.48410,0.17638
0.48510,0.17717
0.48610,0.17796
0.48710,0.17876
0.48810,0.17955
0.48910,0.18035
0.49010,0.18115
0.49110,0.18196
0.49210,0.18276
0.49310,0.18357
0.49410,0.18438
0.49510,0.18519
0.49610,0.18601
0.49710,0.18683
0.49810,0.18764
0.49910,0.18847
0.50010,0.18929
0.50110,0.19012
0.50210,0.19094
0.50310,0.19177
0.50410,0.19261
0.50510,0.19344
0.50610,0.19428
0.50710,0.19512
0.50810,0.19596
0.50910,0.19680
0.51010,0.19765
0.51110,0.19850
0.51210,0.19935
0.51310,0.20020
0.51410,0.20105
0.51510,0.20191
0.51610,0.20277
0.51710,0.20363
0.51810,0.20450
0.51910,0.20536
0.52010,0.20623
0.52110,0.20710
0.52210,0.20798
0.52310,0.20885
0.52410,0.20973
0.52511,0.21061
0.52611,0.21149
0.52711,0.21238
0.52811,0.21327
0.52911,0.21416
0.53011,0.21505
0.53111,0.21594
0.53211,0.21684
0.53311,0.21774
0.53411,0.21864
0.53511,0.21954
0.53611,0.22045
0.53711,0.22136
0.53811,0.22227
0.53911,0.22318
0.54011,0.22410
0.54111,0.22501
0.54211,0.22593
0.54311,0.22686
0.54411,0.22778
0.54511,0.22871
0.54611,0.22964
0.54711,0.23057
0.54811,0.23151
0.54911,0.23244
0.55011,0.23338
0.55111,0.23433
0.55211,0.23527
0.55311,0.23622
0.55411,0.23717
0.55511,0.23812
0.55611,0.23907
0.55711,0.24003
0.55811,0.24099
0.55911,0.24195
0.56011,0.24291
0.56111,0.24388
0.56211,0.24485
0.56311,0.24582
0.56411,0.24679
0.56511,0.24777
0.56611,0.24875
0.56711,0.24973
0.56811,0.25072
0.56911,0.25170
0.57011,0.25269
0.57111,0.25368
0.57211,0.25468
0.57311,0.25567
0.57411,0.25667
0.57512,0.25767
0.57612,0.25868
0.57712,0.25968
0.57812,0.26069
0.57912,0.26171
0.58012,0.26272
0.58112,0.26374
0.58212,0.26476
0.58312,0.26578
0.58412,0.26680
0.58512,0.26783
0.58612,0.26886
0.58712,0.26989
0.58812,0.27093
0.58912,0.27197
0.59012,0.27301
0.59112,0.27405
0.59212,0.27509
0.59312,0.27614
0.59412,0.27719
0.59512,0.27825
0.59612,0.27930
0.59712,0.28036
0.59812,0.28142
0.59912,0.28249
0.60012,0.28355
0.60112,0.28462
0.60212,0.28570
0.60312,0.28677
0.60412,0.28785
0.60512,0.28893
0.60612,0.29001
0.60712,0.29110
0.60812,0.29218
0.60912,0.29328
0.61012,0.29437
0.61112,0.29547
0.61212,0.29656
0.61312,0.29767
0.61412,0.29877
0.61512,0.29988
0.61612,0.30099
0.61712,0.30210
0.61812,0.30322
0.61912,0.30433
0.62012,0.30546
0.62112,0.30658
0.62212,0.30771
0.62312,0.30884
0.62412,0.30997
0.62513,0.31110
0.62613,0.31224
0.62713,0.31338
0.62813,0.31453
0.62913,0.31567
0.63013,0.31682
0.63113,0.31797
0.63213,0.31913
0.63313,0.32028
0.63413,0.32145
0.63513,0.32261
0.63613,0.32377
0.63713,0.32494
0.63813,0.32612
0.63913,0.32729
0.64013,0.32847
0.64113,0.32965
0.64213,0.33083
0.64313,0.33202
0.64413,0.33321
0.64513,0.33440
0.64613,0.33560
0.64713,0.33679
0.64813,0.33799
0.64913,0.33920
0.65013,0.34041
0.65113,0.34161
0.65213,0.34283
0.65313,0.34404
0.65413,0.34526
0.65513,0.34648
0.65613,0.34771
0.65713,0.34894
0.65813,0.35017
0.65913,0.35140
0.66013,0.35264
0.66113,0.35388
0.66213,0.35512
0.66313,0.35636
0.66413,0.35761
0.66513,0.35886
0.66613,0.36012
0.66713,0.36138
0.66813,0.36264
0.66913,0.36390
0.67013,0.36517
0.67113,0.36644
0.67213,0.36771
0.67313,0.36899
0.67413,0.37027
0.67514,0.37155
0.67614,0.37284
0.67714,0.37412
0.67814,0.37542
0.67914,0.37671
0.68014,0.37801
0.68114,0.37931
0.68214,0.38061
0.68314,0.38192
0.68414,0.38323
0.68514,0.38455
0.68614,0.38586
0.68714,0.38718
0.68814,0.38851
0.68914,0.38983
0.69014,0.39116
0.69114,0.39249
0.69214,0.39383
0.69314,0.39517
0.69414,0.39651
0.69514,0.39786
0.69614,0.39921
0.69714,0.40056
0.69814,0.40192
0.69914,0.40327
0.70014,0.40464
0.70114,0.40600
0.70214,0.40737
0.70314,0.40874
0.70414,0.41012
0.70514,0.41149
0.70614,0.41288
0.70714,0.41426
0.70814,0.41565
0.70914,0.41704
0.71014,0.41844
0.71114,0.41983
0.71214,0.42124
0.71314,0.42264
0.71414,0.42405
0.71514,0.42546
0.71614,0.42688
0.71714,0.42830
0.71814,0.42972
0.71914,0.43114
0.72014,0.43257
0.72114,0.43400
0.72214,0.43544
0.72314,0.43688
0.72414,0.43832
0.72515,0.43977
0.72615,0.44122
0.72715,0.44267
0.72815,0.44413
0.72915,0.44559
0.73015,0.44705
0.73115,0.44852
0.73215,0.44999
0.73315,0.45146
0.73415,0.45294
0.73515,0.45442
0.73615,0.45590
0.73715,0.45739
0.73815,0.45888
0.73915,0.46038
0.74015,0.46187
0.74115,0.46338
0.74215,0.46488
0.74315,0.46639
0.74415,0.46790
0.74515,0.46942
0.74615,0.47094
0.74715,0.47246
0.74815,0.47399
0.74915,0.47552
0.75015,0.47706
0.75115,0.47859
0.75215,0.48014
0.75315,0.48168
0.75415,0.48323
0.75515,0.48478
0.75615,0.48634
0.75715,0.48790
0.75815,0.48946
0.75915,0.49103
0.76015,0.49260
0.76115,0.49418
0.76215,0.49576
0.76315,0.49734
0.76415,0.49893
0.76515,0.50052
0.76615,0.50211
0.76715,0.50371
0.76815,0.50531
0.76915,0.50691
0.77015,0.50852
0.77115,0.51014
0.77215,0.51175
0.77315,0.51337
0.77415,0.51500
0.77516,0.51663
0.77616,0.51826
0.77716,0.51989
0.77816,0.52153
0.77916,0.52318
0.78016,0.52482
0.78116,0.52648
0.78216,0.52813
0.78316,0.52979
0.78416,0.53145
0.78516,0.53312
0.78616,0.53479
0.78716,0.53647
0.78816,0.53815
0.78916,0.53983
0.79016,0.54152
0.79116,0.54321
0.79216,0.54490
0.79316,0.54660
0.79416,0.54830
0.79516,0.55001
0.79616,0.55172
0.79716,0.55344
0.79816,0.55516
0.79916,0.55688
0.80016,0.55861
0.80116,0.56034
0.80216,0.56207
0.80316,0.56381
0.80416,0.56556
0.80516,0.56730
0.80616,0.56906
0.80716,0.57081
0.80816,0.57257
0.80916,0.57434
0.81016,0.57610
0.81116,0.57788
0.81216,0.57965
0.81316,0.58143
0.81416,0.58322
0.81516,0.58501
0.81616,0.58680
0.81716,0.58860
0.81816,0.59040
0.81916,0.59221
0.82016,0.59402
0.82116,0.59583
0.82216,0.59765
0.82316,0.59948
0.82416,0.60130
0.82517,0.60314
0.82617,0.60497
0.82717,0.60681
0.82817,0.60866
0.82917,0.61051
0.83017,0.61236
0.83117,0.61422
0.83217,0.61608
0.83317,0.61795
0.83417,0.61982
0.83517,0.62170
0.83617,0.62358
0.83717,0.62546
0.83817,0.62735
0.83917,0.62924
0.84017,0.63114
0.84117,0.63304
0.84217,0.63495
0.84317,0.63686
0.84417,0.63878
0.84517,0.64070
0.84617,0.64262
0.84717,0.64455
0.84817,0.64649
0.84917,0.64843
0.85017,0.65037
0.85117,0.65232
0.85217,0.65427
0.85317,0.65623
0.85417,0.65819
0.85517,0.66015
0.85617,0.66213
0.85717,0.66410
0.85817,0.66608
0.85917,0.66807
0.86017,0.67006
0.86117,0.67205
0.86217,0.67405
0.86317,0.67605
0.86417,0.67806
0.86517,0.68007
0.86617,0.68209
0.86717,0.68411
0.86817,0.68614
0.86917,0.68817
0.87017,0.69021
0.87117,0.69225
0.87217,0.69430
0.87317,0.69635
0.87417,0.69841
0.87518,0.70047
0.87618,0.70253
0.87718,0.70460
0.87818,0.70668
0.87918,0.70876
0.88018,0.71085
0.88118,0.71294
0.88218,0.71503
0.88318,0.71713
0.88418,0.71924
0.88518,0.72135
0.88618,0.72346
0.88718,0.72558
0.88818,0.72771
0.88918,0.72984
0.89018,0.73197
0.89118,0.73411
0.89218,0.73626
0.89318,0.73841
0.89418,0.74057
0.89518,0.74273
0.89618,0.74489
0.89718,0.74706
0.89818,0.74924
0.89918,0.75142
0.90018,0.75361
0.90118,0.75580
0.90218,0.75799
0.90318,0.76019
0.90418,0.76240
0.90518,0.76461
0.90618,0.76683
0.90718,0.76905
0.90818,0.77128
0.90918,0.77352
0.91018,0.77575
0.91118,0.77800
0.91218,0.78025
0.91318,0.78250
0.91418,0.78476
0.91518,0.78703
0.91618,0.78930
0.91718,0.79157
0.91818,0.79385
0.91918,0.79614
0.92018,0.79843
0.92118,0.80073
0.92218,0.80303
0.92318,0.80534
0.92418,0.80765
0.92519,0.80997
0.92619,0.81230
0.92719,0.81463
0.92819,0.81696
0.92919,0.81930
0.93019,0.82165
0.93119,0.82400
0.93219,0.82636
0.93319,0.82872
0.93419,0.83109
0.93519,0.83347
0.93619,0.83585
0.93719,0.83823
0.93819,0.84063
0.93919,0.84302
0.94019,0.84543
0.94119,0.84783
0.94219,0.85025
0.94319,0.85267
0.94419,0.85509
0.94519,0.85753
0.94619,0.85996
0.94719,0.86241
0.94819,0.86486
0.94919,0.86731
0.95019,0.86977
0.95119,0.87224
0.95219,0.87471
0.95319,0.87719
0.95419,0.87967
0.95519,0.88216
0.95619,0.88466
0.95719,0.88716
0.95819,0.88967
0.95919,0.89218
0.96019,0.89470
0.96119,0.89722
0.96219,0.89976
0.96319,0.90229
0.96419,0.90484
0.96519,0.90739
0.96619,0.90994
0.96719,0.91250
0.96819,0.91507
0.96919,0.91765
0.97019,0.92023
0.97119,0.92281
0.97219,0.92541
0.97319,0.92800
0.97419,0.93061
0.97520,0.93322
0.97620,0.93584
0.97720,0.93846
0.97820,0.94109
0.97920,0.94373
0.98020,0.94637
0.98120,0.94902
0.98220,0.95167
0.98320,0.95433
0.98420,0.95700
0.98520,0.95967
0.98620,0.96235
0.98720,0.96504
0.98820,0.96773
0.98920,0.97043
0.99020,0.97314
0.99120,0.97585
0.99220,0.97857
0.99320,0.98129
0.99420,0.98403
0.99520,0.98676
0.99620,0.98951
0.99720,0.99226
0.99820,0.99502
0.99920,0.99778
1.00020,1.00055
1.00120,1.00333
1.00220,1.00612
1.00320,1.00891
1.00420,1.01171
1.00520,1.01451
1.00620,1.01732
1.00720,1.02014
1.00820,1.02296
1.00920,1.02580
1.01020,1.02863
1.01120,1.03148
1.01220,1.03433
1.01320,1.03719
1.01420,1.04005
1.01520,1.04293
1.01620,1.04581
1.01720,1.04869
1.01820,1.05158
1.01920,1.05448
1.02020,1.05739
1.02120,1.06031
1.02220,1.06323
1.02320,1.06615
1.02420,1.06909
1.02521,1.07203
1.02621,1.07498
1.02721,1.07794
1.02821,1.08090
1.02921,1.08387
1.03021,1.08685
1.03121,1.08983
1.03221,1.09282
1.03321,1.09582
1.03421,1.09883
1.03521,1.10184
1.03621,1.10486
1.03721,1.10789
1.03821,1.11092
1.03921,1.11397
1.04021,1.11702
1.04121,1.12007
1.04221,1.12314
1.04321,1.12621
1.04421,1.12929
1.04521,1.13238
1.04621,1.13547
1.04721,1.13857
1.04821,1.14168
1.04921,1.14480
1.05021,1.14792
1.05121,1.15105
1.05221,1.15419
1.05321,1.15734
1.05421,1.16049
1.05521,1.16365
1.05621,1.16682
1.05721,1.17000
1.05821,1.17319
1.05921,1.17638
1.06021,1.17958
1.06121,1.18279
1.06221,1.18600
1.06321,1.18923
1.06421,1.19246
1.06521,1.19570
1.06621,1.19894
1.06721,1.20220
1.06821,1.20546
1.06921,1.20873
1.07021,1.21201
1.07121,1.21530
1.07221,1.21859
1.07321,1.22189
1.07421,1.22520
1.07522,1.22852
1.07622,1.23185
1.07722,1.23518
1.07822,1.23853
1.07922,1.24188
1.08022,1.24524
1.08122,1.24860
1.08222,1.25198
1.08322,1.25536
1.08422,1.25875
1.08522,1.26215
1.08622,1.26556
1.08722,1.26898
1.08822,1.27240
1.08922,1.27583
1.09022,1.27928
1.09122,1.28273
1.09222,1.28618
1.09322,1.28965
1.09422,1.29312
1.09522,1.29661
1.09622,1.30010
1.09722,1.30360
1.09822,1.30711
1.09922,1.31063
1.10022,1.31415
1.10122,1.31769
1.10222,1.32123
1.10322,1.32478
1.10422,1.32834
1.10522,1.33191
1.10622,1.33549
1.10722,1.33908
1.10822,1.34267
1.10922,1.34628
1.11022,1.34989
1.11122,1.35351
1.11222,1.35714
1.11322,1.36078
1.11422,1.36443
1.11522,1.36809
1.11622,1.37175
1.11722,1.37543
1.11822,1.37911
1.11922,1.38281
1.12022,1.38651
1.12122,1.39022
1.12222,1.39394
1.12322,1.39767
1.12422,1.40141
1.12523,1.40516
1.12623,1.40891
1.12723,1.41268
1.12823,1.41646
1.12923,1.42024
1.13023,1.42404
1.13123,1.42784
1.13223,1.43165
1.13323,1.43547
1.13423,1.43931
1.13523,1.44315
1.13623,1.44700
1.13723,1.45086
1.13823,1.45473
1.13923,1.45861
1.14023,1.46249
1.14123,1.46639
1.14223,1.47030
1.14323,1.47422
1.14423,1.47814
1.14523,1.48208
1.14623,1.48603
1.14723,1.48998
1.14823,1.49395
1.14923,1.49792
1.15023,1.50191
1.15123,1.50590
1.15223,1.50991
1.15323,1.51392
1.15423,1.51795
1.15523,1.52198
1.15623,1.52603
1.15723,1.53008
1.15823,1.53415
1.15923,1.53822
1.16023,1.54231
1.16123,1.54640
1.16223,1.55051
1.16323,1.55462
1.16423,1.55875
1.16523,1.56288
1.16623,1.56703
1.16723,1.57119
1.16823,1.57535
1.16923,1.57953
1.17023,1.58372
1.17123,1.58791
1.17223,1.59212
1.17323,1.59634
1.17423,1.60057
1.17524,1.60481
1.17624,1.60906
1.17724,1.61332
1.17824,1.61759
1.17924,1.62187
1.18024,1.62616
1.18124,1.63047
1.18224,1.63478
1.18324,1.63911
1.18424,1.64344
1.18524,1.64779
1.18624,1.65214
1.18724,1.65651
1.18824,1.66089
1.18924,1.66528
1.19024,1.66968
1.19124,1.67409
1.19224,1.67851
1.19324,1.68295
1.19424,1.68739
1.19524,1.69185
1.19624,1.69631
1.19724,1.70079
1.19824,1.70528
1.19924,1.70978
1.20024,1.71429
1.20124,1.71882
1.20224,1.72335
1.20324,1.72789
1.20424,1.73245
1.20524,1.73702
1.20624,1.74160
1.20724,1.74619
1.20824,1.75079
1.20924,1.75541
1.21024,1.76003
1.21124,1.76467
1.21224,1.76932
1.21324,1.77398
1.21424,1.77865
1.21524,1.78334
1.21624,1.78803
1.21724,1.79274
1.21824,1.79746
1.21924,1.80219
1.22024,1.80693
1.22124,1.81169
1.22224,1.81646
1.22324,1.82124
1.22424,1.82603
1.22525,1.83083
1.22625,1.83565
1.22725,1.84047
1.22825,1.84531
1.22925,1.85016
1.23025,1.85503
1.23125,1.85991
1.23225,1.86479
1.23325,1.86969
1.23425,1.87461
1.23525,1.87953
1.23625,1.88447
1.23725,1.88942
1.23825,1.89439
1.23925,1.89936
1.24025,1.90435
1.24125,1.90935
1.24225,1.91436
1.24325,1.91939
1.24425,1.92443
1.24525,1.92948
1.24625,1.93455
1.24725,1.93962
1.24825,1.94471
1.24925,1.94982
1.25025,1.95493
1.25125,1.96006
1.25225,1.96520
1.25325,1.97036
1.25425,1.97553
1.25525,1.98071
1.25625,1.98590
1.25725,1.99111
1.25825,1.99633
1.25925,2.00157
1.26025,2.00681
1.26125,2.01207
1.26225,2.01735
1.26325,2.02264
1.26425,2.02794
1.26525,2.03325
1.26625,2.03858
1.26725,2.04392
1.26825,2.04928
1.26925,2.05465
1.27025,2.06003
1.27125,2.06543
1.27225,2.07084
1.27325,2.07626
1.27425,2.08170
1.27526,2.08715
1.27626,2.09262
1.27726,2.09810
1.27826,2.10359
1.27926,2.10910
1.28026,2.11462
1.28126,2.12015
1.28226,2.12570
1.28326,2.13127
1.28426,2.13685
1.28526,2.14244
1.28626,2.14805
1.28726,2.15367
1.28826,2.15931
1.28926,2.16496
1.29026,2.17062
1.29126,2.17630
1.29226,2.18200
1.29326,2.18770
1.29426,2.19343
1.29526,2.19917
1.29626,2.20492
1.29726,2.21069
1.29826,2.21647
1.29926,2.22227
1.30026,2.22808
1.30126,2.23391
1.30226,2.23975
1.30326,2.24561
1.30426,2.25148
1.30526,2.25737
1.30626,2.26327
1.30726,2.26919
1.30826,2.27512
1.30926,2.28107
1.31026,2.28703
1.31126,2.29301
1.31226,2.29901
1.31326,2.30502
1.31426,2.31105
1.31526,2.31709
1.31626,2.32314
1.31726,2.32922
1.31826,2.33531
1.31926,2.34141
1.32026,2.34753
1.32126,2.35367
1.32226,2.35982
1.32326,2.36599
1.32426,2.37217
1.32527,2.37837
1.32627,2.38459
1.32727,2.39082
1.32827,2.39707
1.32927,2.40333
1.33027,2.40961
1.33127,2.41591
1.33227,2.42222
1.33327,2.42855
1.33427,2.43490
1.33527,2.44126
1.33627,2.44764
1.33727,2.45404
1.33827,2.46045
1.33927,2.46688
1.34027,2.47333
1.34127,2.47979
1.34227,2.48627
1.34327,2.49277
1.34427,2.49928
1.34527,2.50581
1.34627,2.51236
1.34727,2.51893
1.34827,2.52551
1.34927,2.53211
1.35027,2.53872
1.35127,2.54536
1.35227,2.55201
1.35327,2.55868
1.35427,2.56536
1.35527,2.57207
1.35627,2.57879
1.35727,2.58553
1.35827,2.59229
1.35927,2.59906
1.36027,2.60585
1.36127,2.61266
1.36227,2.61949
1.36327,2.62634
1.36427,2.63320
1.36527,2.64008
1.36627,2.64698
1.36727,2.65390
1.36827,2.66084
1.36927,2.66779
1.37027,2.67476
1.37127,2.68175
1.37227,2.68876
1.37327,2.69579
1.37427,2.70284
1.37528,2.70990
1.37628,2.71699
1.37728,2.72409
1.37828,2.73121
1.37928,2.73835
1.38028,2.74551
1.38128,2.75269
1.38228,2.75988
1.38328,2.76710
1.38428,2.77433
1.38528,2.78159
1.38628,2.78886
1.38728,2.79615
1.38828,2.80347
1.38928,2.81080
1.39028,2.81815
1.39128,2.82552
1.39228,2.83291
1.39328,2.84032
1.39428,2.84775
1.39528,2.85519
1.39628,2.86266
1.39728,2.87015
1.39828,2.87766
1.39928,2.88519
1.40028,2.89274
1.40128,2.90030
1.40228,2.90789
1.40328,2.91550
1.40428,2.92313
1.40528,2.93078
1.40628,2.93845
1.40728,2.94614
1.40828,2.95385
1.40928,2.96158
1.41028,2.96933
1.41128,2.97710
1.41228,2.98490
1.41328,2.99271
1.41428,3.00054
1.41528,3.00840
1.41628,3.01628
1.41728,3.02417
1.41828,3.03209
1.41928,3.04003
1.42028,3.04799
1.42128,3.05598
1.42228,3.06398
1.42328,3.07200
1.42428,3.08005
1.42529,3.08812
1.42629,3.09621
1.42729,3.10432
1.42829,3.11246
1.42929,3.12061
1.43029,3.12879
1.43129,3.13699
1.43229,3.14521
1.43329,3.15345
1.43429,3.16172
1.43529,3.17000
1.43629,3.17831
1.43729,3.18665
1.43829,3.19500
1.43929,3.20338
1.44029,3.21178
1.44129,3.22020
1.44229,3.22865
1.44329,3.23711
1.44429,3.24561
1.44529,3.25412
1.44629,3.26266
1.44729,3.27122
1.44829,3.27980
1.44929,3.28840
1.45029,3.29703
1.45129,3.30569
1.45229,3.31436
1.45329,3.32306
1.45429,3.33179
1.45529,3.34053
1.45629,3.34930
1.45729,3.35810
1.45829,3.36692
1.45929,3.37576
1.46029,3.38462
1.46129,3.39351
1.46229,3.40243
1.46329,3.41137
1.46429,3.42033
1.46529,3.42932
1.46629,3.43833
1.46729,3.44736
1.46829,3.45642
1.46929,3.46551
1.47029,3.47462
1.47129,3.48375
1.47229,3.49291
1.47329,3.50210
1.47429,3.51131
1.47530,3.52054
1.47630,3.52980
1.47730,3.53909
1.47830,3.54840
1.47930,3.55773
1.48030,3.56709
1.48130,3.57648
1.48230,3.58589
1.48330,3.59533
1.48430,3.60480
1.48530,3.61429
1.48630,3.62380
1.48730,3.63334
1.48830,3.64291
1.48930,3.65251
1.49030,3.66213
1.49130,3.67177
1.49230,3.68145
1.49330,3.69115
1.49430,3.70087
1.49530,3.71063
1.49630,3.72041
1.49730,3.73021
1.49830,3.74005
1.49930,3.74991
1.50030,3.75980
1.50130,3.76971
1.50230,3.77966
1.50330,3.78963
1.50430,3.79962
1.50530,3.80965
1.50630,3.81970
1.50730,3.82978
1.50830,3.83989
1.50930,3.85002
1.51030,3.86019
1.51130,3.87038
1.51230,3.88060
1.51330,3.89085
1.51430,3.90113
1.51530,3.91143
1.51630,3.92176
1.51730,3.93213
1.51830,3.94252
1.51930,3.95294
1.52030,3.96339
1.52130,3.97386
1.52230,3.98437
1.52330,3.99490
1.52430,4.00547
1.52531,4.01606
1.52631,4.02669
1.52731,4.03734
1.52831,4.04802
1.52931,4.05873
1.53031,4.06948
1.53131,4.08025
1.53231,4.09105
1.53331,4.10188
1.53431,4.11274
1.53531,4.12364
1.53631,4.13456
1.53731,4.14551
1.53831,4.15649
1.53931,4.16751
1.54031,4.17855
1.54131,4.18963
1.54231,4.20073
1.54331,4.21187
1.54431,4.22304
1.54531,4.23424
1.54631,4.24547
1.54731,4.25673
1.54831,4.26803
1.54931,4.27935
1.55031,4.29071
1.55131,4.30210
1.55231,4.31352
1.55331,4.32497
1.55431,4.33646
1.55531,4.34797
1.55631,4.35952
1.55731,4.37111
1.55831,4.38272
1.55931,4.39437
1.56031,4.40605
1.56131,4.41776
1.56231,4.42950
1.56331,4.44128
1.56431,4.45309
1.56531,4.46494
1.56631,4.47682
1.56731,4.48873
1.56831,4.50067
1.56931,4.51265
1.57031,4.52466
1.57131,4.53671
1.57231,4.54879
1.57331,4.56090
1.57431,4.57305
1.57532,4.58523
1.57632,4.59745
1.57732,4.60970
1.57832,4.62199
1.57932,4.63431
1.58032,4.64666
1.58132,4.65905
1.58232,4.67148
1.58332,4.68394
1.58432,4.69644
1.58532,4.70897
1.58632,4.72154
1.58732,4.73414
1.58832,4.74678
1.58932,4.75945
1.59032,4.77216
1.59132,4.78491
1.59232,4.79769
1.59332,4.81051
1.59432,4.82336
1.59532,4.83625
1.59632,4.84918
1.59732,4.86215
1.59832,4.87515
1.59932,4.88819
1.60032,4.90127
1.60132,4.91438
1.60232,4.92753
1.60332,4.94072
1.60432,4.95394
1.60532,4.96721
1.60632,4.98051
1.60732,4.99385
1.60832,5.00722
1.60932,5.02064
1.61032,5.03409
1.61132,5.04759
1.61232,5.06112
1.61332,5.07469
1.61432,5.08830
1.61532,5.10194
1.61632,5.11563
1.61732,5.12935
1.61832,5.14312
1.61932,5.15692
1.62032,5.17077
1.62132,5.18465
1.62232,5.19858
1.62332,5.21254
1.62432,5.22654
1.62533,5.24059
1.62633,5.25467
1.62733,5.26880
1.62833,5.28296
1.62933,5.29717
1.63033,5.31141
1.63133,5.32570
1.63233,5.34003
1.63333,5.35440
1.63433,5.36881
1.63533,5.38327
1.63633,5.39776
1.63733,5.41230
1.63833,5.42688
1.63933,5.44150
1.64033,5.45616
1.64133,5.47086
1.64233,5.48561
1.64333,5.50040
1.64433,5.51524
1.64533,5.53011
1.64633,5.54503
1.64733,5.55999
1.64833,5.57500
1.64933,5.59005
1.65033,5.60514
1.65133,5.62028
1.65233,5.63546
1.65333,5.65068
1.65433,5.66595
1.65533,5.68126
1.65633,5.69662
1.65733,5.71202
1.65833,5.72747
1.65933,5.74296
1.66033,5.75850
1.66133,5.77408
1.66233,5.78971
1.66333,5.80538
1.66433,5.82110
1.66533,5.83686
1.66633,5.85267
1.66733,5.86853
1.66833,5.88443
1.66933,5.90038
1.67033,5.91637
1.67133,5.93242
1.67233,5.94850
1.67333,5.96464
1.67433,5.98082
1.67534,5.99705
1.67634,6.01333
1.67734,6.02966
1.67834,6.04603
1.67934,6.06245
1.68034,6.07892
1.68134,6.09544
1.68234,6.11200
1.68334,6.12862
1.68434,6.14528
1.68534,6.16199
1.68634,6.17875
1.68734,6.19556
1.68834,6.21242
1.68934,6.22933
1.69034,6.24629
1.69134,6.26330
1.69234,6.28036
1.69334,6.29747
1.69434,6.31463
1.69534,6.33184
1.69634,6.34910
1.69734,6.36641
1.69834,6.38377
1.69934,6.40118
1.70034,6.41865
1.70134,6.43616
1.70234,6.45373
1.70334,6.47135
1.70434,6.48902
1.70534,6.50675
1.70634,6.52453
1.70734,6.54235
1.70834,6.56024
1.70934,6.57817
1.71034,6.59616
1.71134,6.61420
1.71234,6.63229
1.71334,6.65044
1.71434,6.66864
1.71534,6.68690
1.71634,6.70521
1.71734,6.72357
1.71834,6.74199
1.71934,6.76047
1.72034,6.77899
1.72134,6.79758
1.72234,6.81622
1.72334,6.83491
1.72434,6.85366
1.72535,6.87247
1.72635,6.89133
1.72735,6.91024
1.72835,6.92922
1.72935,6.94825
1.73035,6.96734
1.73135,6.98648
1.73235,7.00568
1.73335,7.02494
1.73435,7.04426
1.73535,7.06363
1.73635,7.08306
1.73735,7.10255
1.73835,7.12210
1.73935,7.14171
1.74035,7.16137
1.74135,7.18109
1.74235,7.20088
1.74335,7.22072
1.74435,7.24062
1.74535,7.26058
1.74635,7.28060
1.74735,7.30068
1.74835,7.32082
1.74935,7.34103
1.75035,7.36129
1.75135,7.38161
1.75235,7.40200
1.75335,7.42244
1.75435,7.44295
1.75535,7.46352
1.75635,7.48415
1.75735,7.50484
1.75835,7.52560
1.75935,7.54641
1.76035,7.56729
1.76135,7.58824
1.76235,7.60924
1.76335,7.63031
1.76435,7.65144
1.76535,7.67264
1.76635,7.69390
1.76735,7.71523
1.76835,7.73662
1.76935,7.75807
1.77035,7.77959
1.77135,7.80117
1.77235,7.82282
1.77335,7.84454
1.77435,7.86632
1.77536,7.88817
1.77636,7.91008
1.77736,7.93206
1.77836,7.95410
1.77936,7.97622
1.78036,7.99840
1.78136,8.02064
1.78236,8.04296
1.78336,8.06534
1.78436,8.08779
1.78536,8.11031
1.78636,8.13290
1.78736,8.15555
1.78836,8.17828
1.78936,8.20107
1.79036,8.22393
1.79136,8.24687
1.79236,8.26987
1.79336,8.29294
1.79436,8.31608
1.79536,8.33930
1.79636,8.36258
1.79736,8.38594
1.79836,8.40937
1.79936,8.43286
1.80036,8.45643
1.80136,8.48008
1.80236,8.50379
1.80336,8.52758
1.80436,8.55144
1.80536,8.57537
1.80636,8.59938
1.80736,8.62346
1.80836,8.64761
1.80936,8.67184
1.81036,8.69614
1.81136,8.72052
1.81236,8.74497
1.81336,8.76950
1.81436,8.79410
1.81536,8.81878
1.81636,8.84353
1.81736,8.86836
1.81836,8.89326
1.81936,8.91825
1.82036,8.94330
1.82136,8.96844
1.82236,8.99365
1.82336,9.01895
1.82436,9.04431
1.82537,9.06976
1.82637,9.09529
1.82737,9.12089
1.82837,9.14658
1.82937,9.17234
1.83037,9.19818
1.83137,9.22410
1.83237,9.25011
1.83337,9.27619
1.83437,9.30235
1.83537,9.32860
1.83637,9.35492
1.83737,9.38133
1.83837,9.40782
1.83937,9.43439
1.84037,9.46104
1.84137,9.48778
1.84237,9.51460
1.84337,9.54150
1.84437,9.56848
1.84537,9.59555
1.84637,9.62271
1.84737,9.64994
1.84837,9.67727
1.84937,9.70467
1.85037,9.73217
1.85137,9.75974
1.85237,9.78741
1.85337,9.81516
1.85437,9.84299
1.85537,9.87092
1.85637,9.89893
1.85737,9.92703
1.85837,9.95521
1.85937,9.98348
1.86037,10.01184
1.86137,10.04029
1.86237,10.06883
1.86337,10.09746
1.86437,10.12618
1.86537,10.15499
1.86637,10.18388
1.86737,10.21287
1.86837,10.24195
1.86937,10.27112
1.87037,10.30038
1.87137,10.32973
1.87237,10.35918
1.87337,10.38871
1.87437,10.41834
1.87538,10.44806
1.87638,10.47788
1.87738,10.50779
1.87838,10.53779
1.87938,10.56789
1.88038,10.59808
1.88138,10.62837
1.88238,10.65875
1.88338,10.68923
1.88438,10.71980
1.88538,10.75047
1.88638,10.78124
1.88738,10.81210
1.88838,10.84306
1.88938,10.87412
1.89038,10.90528
1.89138,10.93653
1.89238,10.96788
1.89338,10.99934
1.89438,11.03089
1.89538,11.06254
1.89638,11.09429
1.89738,11.12614
1.89838,11.15810
1.89938,11.19015
1.90038,11.22230
1.90138,11.25456
1.90238,11.28692
1.90338,11.31938
1.90438,11.35195
1.90538,11.38461
1.90638,11.41739
1.90738,11.45026
1.90838,11.48324
1.90938,11.51633
1.91038,11.54951
1.91138,11.58281
1.91238,11.61621
1.91338,11.64972
1.91438,11.68333
1.91538,11.71705
1.91638,11.75088
1.91738,11.78482
1.91838,11.81886
1.91938,11.85301
1.92038,11.88727
1.92138,11.92164
1.92238,11.95612
1.92338,11.99071
1.92438,12.02541
1.92539,12.06022
1.92639,12.09515
1.92739,12.13018
1.92839,12.16533
1.92939,12.20058
1.93039,12.23596
1.93139,12.27144
1.93239,12.30704
1.93339,12.34275
1.93439,12.37858
1.93539,12.41452
1.93639,12.45057
1.93739,12.48674
1.93839,12.52303
1.93939,12.55944
1.94039,12.59596
1.94139,12.63260
1.94239,12.66935
1.94339,12.70623
1.94439,12.74322
1.94539,12.78033
1.94639,12.81756
1.94739,12.85491
1.94839,12.89238
1.94939,12.92998
1.95039,12.96769
1.95139,13.00552
1.95239,13.04348
1.95339,13.08156
1.95439,13.11976
1.95539,13.15809
1.95639,13.19653
1.95739,13.23511
1.95839,13.27380
1.95939,13.31263
1.96039,13.35157
1.96139,13.39065
1.96239,13.42985
1.96339,13.46918
1.96439,13.50863
1.96539,13.54821
1.96639,13.58792
1.96739,13.62776
1.96839,13.66773
1.96939,13.70783
1.97039,13.74806
1.97139,13.78841
1.97239,13.82890
1.97339,13.86952
1.97439,13.91028
1.97540,13.95116
1.97640,13.99218
1.97740,14.03333
1.97840,14.07462
1.97940,14.11604
1.98040,14.15759
1.98140,14.19928
1.98240,14.24111
1.98340,14.28307
1.98440,14.32517
1.98540,14.36740
1.98640,14.40978
1.98740,14.45229
1.98840,14.49494
1.98940,14.53773
1.99040,14.58066
1.99140,14.62373
1.99240,14.66694
1.99340,14.71029
1.99440,14.75379
1.99540,14.79742
1.99640,14.84120
1.99740,14.88513
1.99840,14.92919
1.99940,14.97340
2.00040,15.01776
2.00140,15.06226
2.00240,15.10691
2.00340,15.15170
2.00440,15.19664
2.00540,15.24173
2.00640,15.28697
2.00740,15.33235
2.00840,15.37789
2.00940,15.42357
2.01040,15.46940
2.01140,15.51539
2.01240,15.56153
2.01340,15.60781
2.01440,15.65426
2.01540,15.70085
2.01640,15.74760
2.01740,15.79450
2.01840,15.84155
2.01940,15.88877
2.02040,15.93613
2.02140,15.98366
2.02240,16.03134
2.02340,16.07918
2.02440,16.12717
2.02541,16.17533
2.02641,16.22364
2.02741,16.27212
2.02841,16.32075
2.02941,16.36955
2.03041,16.41850
2.03141,16.46762
2.03241,16.51691
2.03341,16.56635
2.03441,16.61596
2.03541,16.66574
2.03641,16.71568
2.03741,16.76578
2.03841,16.81605
2.03941,16.86649
2.04041,16.91710
2.04141,16.96787
2.04241,17.01882
2.04341,17.06993
2.04441,17.12121
2.04541,17.17267
2.04641,17.22429
2.04741,17.27609
2.04841,17.32806
2.04941,17.38020
2.05041,17.43252
2.05141,17.48501
2.05241,17.53768
2.05341,17.59052
2.05441,17.64354
2.05541,17.69674
2.05641,17.75011
2.05741,17.80367
2.05841,17.85740
2.05941,17.91131
2.06041,17.96540
2.06141,18.01967
2.06241,18.07413
2.06341,18.12877
2.06441,18.18359
2.06541,18.23859
2.06641,18.29378
2.06741,18.34915
2.06841,18.40471
2.06941,18.46046
2.07041,18.51639
2.07141,18.57251
2.07241,18.62882
2.07341,18.68532
2.07441,18.74201
2.07542,18.79889
2.07642,18.85596
2.07742,18.91323
2.07842,18.97068
2.07942,19.02833
2.08042,19.08618
2.08142,19.14422
2.08242,19.20245
2.08342,19.26088
2.08442,19.31951
2.08542,19.37834
2.08642,19.43736
2.08742,19.49659
2.08842,19.55601
2.08942,19.61564
2.09042,19.67546
2.09142,19.73549
2.09242,19.79573
2.09342,19.85616
2.09442,19.91680
2.09542,19.97765
2.09642,20.03870
2.09742,20.09996
2.09842,20.16143
2.09942,20.22311
2.10042,20.28499
2.10142,20.34709
2.10242,20.40939
2.10342,20.47191
2.10442,20.53464
2.10542,20.59758
2.10642,20.66074
2.10742,20.72411
2.10842,20.78770
2.10942,20.85150
2.11042,20.91553
2.11142,20.97977
2.11242,21.04422
2.11342,21.10890
2.11442,21.17380
2.11542,21.23892
2.11642,21.30426
2.11742,21.36983
2.11842,21.43562
2.11942,21.50163
2.12042,21.56787
2.12142,21.63433
2.12242,21.70103
2.12342,21.76795
2.12442,21.83510
2.12543,21.90248
2.12643,21.97009
2.12743,22.03793
2.12843,22.10600
2.12943,22.17431
2.13043,22.24285
2.13143,22.31163
2.13243,22.38064
2.13343,22.44989
2.13443,22.51938
2.13543,22.58911
2.13643,22.65907
2.13743,22.72928
2.13843,22.79972
2.13943,22.87041
2.14043,22.94135
2.14143,23.01252
2.14243,23.08394
2.14343,23.15561
2.14443,23.22753
2.14543,23.29969
2.14643,23.37210
2.14743,23.44476
2.14843,23.51767
2.14943,23.59084
2.15043,23.66425
2.15143,23.73792
2.15243,23.81184
2.15343,23.88602
2.15443,23.96046
2.15543,24.03515
2.15643,24.11010
2.15743,24.18531
2.15843,24.26078
2.15943,24.33651
2.16043,24.41251
2.16143,24.48876
2.16243,24.56529
2.16343,24.64207
2.16443,24.71913
2.16543,24.79645
2.16643,24.87404
2.16743,24.95189
2.16843,25.03002
2.16943,25.10842
2.17043,25.18710
2.17143,25.26604
2.17243,25.34526
2.17343,25.42476
2.17443,25.50453
2.17544,25.58458
2.17644,25.66491
2.17744,25.74552
2.17844,25.82641
2.17944,25.90758
2.18044,25.98904
2.18144,26.07077
2.18244,26.15280
2.18344,26.23511
2.18444,26.31771
2.18544,26.40059
2.18644,26.48377
2.18744,26.56724
2.18844,26.65100
2.18944,26.73505
2.19044,26.81939
2.19144,26.90403
2.19244,26.98897
2.19344,27.07421
2.19444,27.15974
2.19544,27.24557
2.19644,27.33171
2.19744,27.41814
2.19844,27.50488
2.19944,27.59192
2.20044,27.67927
2.20144,27.76693
2.20244,27.85489
2.20344,27.94317
2.20444,28.03175
2.20544,28.12064
2.20644,28.20985
2.20744,28.29937
2.20844,28.38921
2.20944,28.47936
2.21044,28.56983
2.21144,28.66062
2.21244,28.75173
2.21344,28.84316
2.21444,28.93492
2.21544,29.02699
2.21644,29.11939
2.21744,29.21212
2.21844,29.30518
2.21944,29.39856
2.22044,29.49228
2.22144,29.58632
2.22244,29.68070
2.22344,29.77541
2.22444,29.87046
2.22545,29.96584
2.22645,30.06157
2.22745,30.15763
2.22845,30.25403
2.22945,30.35077
2.23045,30.44786
2.23145,30.54529
2.23245,30.64306
2.23345,30.74119
2.23445,30.83966
2.23545,30.93848
2.23645,31.03765
2.23745,31.13718
2.23845,31.23706
2.23945,31.33729
2.24045,31.43788
2.24145,31.53883
2.24245,31.64014
2.24345,31.74181
2.24445,31.84384
2.24545,31.94623
2.24645,32.04899
2.24745,32.15212
2.24845,32.25561
2.24945,32.35948
2.25045,32.46371
2.25145,32.56832
2.25245,32.67330
2.25345,32.77866
2.25445,32.88439
2.25545,32.99050
2.25645,33.09699
2.25745,33.20386
2.25845,33.31111
2.25945,33.41875
2.26045,33.52677
2.26145,33.63518
2.26245,33.74398
2.26345,33.85317
2.26445,33.96275
2.26545,34.07273
2.26645,34.18310
2.26745,34.29386
2.26845,34.40502
2.26945,34.51658
2.27045,34.62855
2.27145,34.74091
2.27245,34.85368
2.27345,34.96686
2.27445,35.08044
2.27546,35.19443
2.27646,35.30883
2.27746,35.42365
2.27846,35.53888
2.27946,35.65452
2.28046,35.77058
2.28146,35.88706
2.28246,36.00396
2.28346,36.12128
2.28446,36.23902
2.28546,36.35719
2.28646,36.47579
2.28746,36.59481
2.28846,36.71427
2.28946,36.83416
2.29046,36.95448
2.29146,37.07524
2.29246,37.19643
2.29346,37.31806
2.29446,37.44014
2.29546,37.56265
2.29646,37.68561
2.29746,37.80902
2.29846,37.93287
2.29946,38.05718
2.30046,38.18193
2.30146,38.30714
2.30246,38.43280
2.30346,38.55892
2.30446,38.68550
2.30546,38.81254
2.30646,38.94004
2.30746,39.06800
2.30846,39.19643
2.30946,39.32532
2.31046,39.45469
2.31146,39.58453
2.31246,39.71484
2.31346,39.84562
2.31446,39.97689
2.31546,40.10863
2.31646,40.24085
2.31746,40.37356
2.31846,40.50675
2.31946,40.64042
2.32046,40.77459
2.32146,40.90924
2.32246,41.04439
2.32346,41.18003
2.32446,41.31617
2.32547,41.45280
2.32647,41.58994
2.32747,41.72758
2.32847,41.86572
2.32947,42.00437
2.33047,42.14353
2.33147,42.28319
2.33247,42.42337
2.33347,42.56407
2.33447,42.70528
2.33547,42.84701
2.33647,42.98926
2.33747,43.13203
2.33847,43.27533
2.33947,43.41915
2.34047,43.56351
2.34147,43.70839
2.34247,43.85381
2.34347,43.99976
2.34447,44.14625
2.34547,44.29328
2.34647,44.44086
2.34747,44.58897
2.34847,44.73764
2.34947,44.88685
2.35047,45.03661
2.35147,45.18692
2.35247,45.33779
2.35347,45.48922
2.35447,45.64121
2.35547,45.79375
2.35647,45.94687
2.35747,46.10054
2.35847,46.25479
2.35947,46.40961
2.36047,46.56500
2.36147,46.72097
2.36247,46.87751
2.36347,47.03464
2.36447,47.19234
2.36547,47.35064
2.36647,47.50952
2.36747,47.66898
2.36847,47.82904
2.36947,47.98970
2.37047,48.15095
2.37147,48.31280
2.37247,48.47525
2.37347,48.63831
2.37447,48.80197
2.37548,48.96625
2.37648,49.13113
2.37748,49.29663
2.37848,49.46274
2.37948,49.62947
2.38048,49.79683
2.38148,49.96480
2.38248,50.13341
2.38348,50.30264
2.38448,50.47250
2.38548,50.64300
2.38648,50.81414
2.38748,50.98591
2.38848,51.15833
2.38948,51.33139
2.39048,51.50510
2.39148,51.67945
2.39248,51.85446
2.39348,52.03013
2.39448,52.20645
2.39548,52.38343
2.39648,52.56108
2.39748,52.73939
2.39848,52.91837
2.39948,53.09802
2.40048,53.27834
2.40148,53.45934
2.40248,53.64102
2.40348,53.82338
2.40448,54.00643
2.40548,54.19017
2.40648,54.37459
2.40748,54.55971
2.40848,54.74552
2.40948,54.93204
2.41048,55.11925
2.41148,55.30718
2.41248,55.49580
2.41348,55.68514
2.41448,55.87519
2.41548,56.06596
2.41648,56.25745
2.41748,56.44966
2.41848,56.64260
2.41948,56.83626
2.42048,57.03065
2.42148,57.22578
2.42248,57.42165
2.42348,57.61825
2.42448,57.81560
2.42549,58.01370
2.42649,58.21254
2.42749,58.41214
2.42849,58.61249
2.42949,58.81360
2.43049,59.01548
2.43149,59.21811
2.43249,59.42152
2.43349,59.62570
2.43449,59.83065
2.43549,60.03638
2.43649,60.24289
2.43749,60.45018
2.43849,60.65826
2.43949,60.86713
2.44049,61.07679
2.44149,61.28726
2.44249,61.49852
2.44349,61.71058
2.44449,61.92345
2.44549,62.13714
2.44649,62.35163
2.44749,62.56694
2.44849,62.78308
2.44949,63.00003
2.45049,63.21782
2.45149,63.43643
2.45249,63.65588
2.45349,63.87616
2.45449,64.09729
2.45549,64.31926
2.45649,64.54208
2.45749,64.76575
2.45849,64.99027
2.45949,65.21565
2.46049,65.44190
2.46149,65.66901
2.46249,65.89699
2.46349,66.12584
2.46449,66.35557
2.46549,66.58617
2.46649,66.81766
2.46749,67.05004
2.46849,67.28331
2.46949,67.51748
2.47049,67.75254
2.47149,67.98850
2.47249,68.22537
2.47349,68.46315
2.47449,68.70185
2.47550,68.94146
2.47650,69.18199
2.47750,69.42345
2.47850,69.66583
2.47950,69.90915
2.48050,70.15341
2.48150,70.39860
2.48250,70.64474
2.48350,70.89183
2.48450,71.13987
2.48550,71.38886
2.48650,71.63882
2.48750,71.88974
2.48850,72.14163
2.48950,72.39449
2.49050,72.64832
2.49150,72.90314
2.49250,73.15894
2.49350,73.41573
2.49450,73.67352
2.49550,73.93230
2.49650,74.19208
2.49750,74.45286
2.49850,74.71466
2.49950,74.97747
2.50050,75.24130
2.50150,75.50615
2.50250,75.77202
2.50350,76.03893
2.50450,76.30687
2.50550,76.57585
2.50650,76.84588
2.50750,77.11695
2.50850,77.38908
2.50950,77.66226
2.51050,77.93651
2.51150,78.21182
2.51250,78.48820
2.51350,78.76566
2.51450,79.04419
2.51550,79.32381
2.51650,79.60452
2.51750,79.88632
2.51850,80.16922
2.51950,80.45322
2.52050,80.73833
2.52150,81.02455
2.52250,81.31189
2.52350,81.60035
2.52450,81.88993
2.52551,82.18065
2.52651,82.47250
2.52751,82.76549
2.52851,83.05962
2.52951,83.35491
2.53051,83.65135
2.53151,83.94895
2.53251,84.24771
2.53351,84.54764
2.53451,84.84875
2.53551,85.15104
2.53651,85.45451
2.53751,85.75917
2.53851,86.06502
2.53951,86.37208
2.54051,86.68034
2.54151,86.98980
2.54251,87.30049
2.54351,87.61239
2.54451,87.92552
2.54551,88.23987
2.54651,88.55547
2.54751,88.87230
2.54851,89.19038
2.54951,89.50971
2.55051,89.83030
2.55151,90.15215
2.55251,90.47527
2.55351,90.79966
2.55451,91.12533
2.55551,91.45228
2.55651,91.78052
2.55751,92.11006
2.55851,92.44089
2.55951,92.77303
2.56051,93.10648
2.56151,93.44125
2.56251,93.77734
2.56351,94.11476
2.56451,94.45352
2.56551,94.79361
2.56651,95.13504
2.56751,95.47783
2.56851,95.82198
2.56951,96.16748
2.57051,96.51436
2.57151,96.86261
2.57251,97.21224
2.57351,97.56325
2.57451,97.91566
2.57552,98.26946
2.57652,98.62467
2.57752,98.98129
2.57852,99.33932
2.57952,99.69877
2.58052,100.05966
2.58152,100.42197
2.58252,100.78573
2.58352,101.15093
2.58452,101.51759
2.58552,101.88570
2.58652,102.25528
2.58752,102.62633
2.58852,102.99886
2.58952,103.37287
2.59052,103.74837
2.59152,104.12537
2.59252,104.50388
2.59352,104.88389
2.59452,105.26542
2.59552,105.64847
2.59652,106.03305
2.59752,106.41916
2.59852,106.80682
2.59952,107.19603
2.60052,107.58679
2.60152,107.97912
2.60252,108.37301
2.60352,108.76848
2.60452,109.16553
2.60552,109.56418
2.60652,109.96442
2.60752,110.36626
2.60852,110.76971
2.60952,111.17478
2.61052,111.58148
2.61152,111.98980
2.61252,112.39976
2.61352,112.81137
2.61452,113.22463
2.61552,113.63956
2.61652,114.05614
2.61752,114.47440
2.61852,114.89435
2.61952,115.31598
2.62052,115.73931
2.62152,116.16434
2.62252,116.59108
2.62352,117.01954
2.62452,117.44972
2.62553,117.88164
2.62653,118.31529
2.62753,118.75070
2.62853,119.18786
2.62953,119.62679
2.63053,120.06748
2.63153,120.50995
2.63253,120.95421
2.63353,121.40027
2.63453,121.84812
2.63553,122.29779
2.63653,122.74927
2.63753,123.20258
2.63853,123.65772
2.63953,124.11471
2.64053,124.57354
2.64153,125.03423
2.64253,125.49678
2.64353,125.96121
2.64453,126.42753
2.64553,126.89573
2.64653,127.36583
2.64753,127.83783
2.64853,128.31175
2.64953,128.78760
2.65053,129.26537
2.65153,129.74509
2.65253,130.22676
2.65353,130.71038
2.65453,131.19596
2.65553,131.68353
2.65653,132.17307
2.65753,132.66461
2.65853,133.15814
2.65953,133.65369
2.66053,134.15125
2.66153,134.65084
2.66253,135.15247
2.66353,135.65614
2.66453,136.16186
2.66553,136.66965
2.66653,137.17951
2.66753,137.69145
2.66853,138.20548
2.66953,138.72160
2.67053,139.23984
2.67153,139.76019
2.67253,140.28267
2.67353,140.80728
2.67453,141.33404
2.67554,141.86296
2.67654,142.39404
2.67754,142.92729
2.67854,143.46273
2.67954,144.00036
2.68054,144.54019
2.68154,145.08224
2.68254,145.62651
2.68354,146.17300
2.68454,146.72175
2.68554,147.27274
2.68654,147.82599
2.68754,148.38152
2.68854,148.93933
2.68954,149.49942
2.69054,150.06182
2.69154,150.62654
2.69254,151.19357
2.69354,151.76294
2.69454,152.33465
2.69554,152.90871
2.69654,153.48514
2.69754,154.06394
2.69854,154.64512
2.69954,155.22870
2.70054,155.81469
2.70154,156.40309
2.70254,156.99392
2.70354,157.58718
2.70454,158.18290
2.70554,158.78107
2.70654,159.38171
2.70754,159.98484
2.70854,160.59046
2.70954,161.19858
2.71054,161.80921
2.71154,162.42237
2.71254,163.03807
2.71354,163.65631
2.71454,164.27712
2.71554,164.90049
2.71654,165.52645
2.71754,166.15500
2.71854,166.78616
2.71954,167.41993
2.72054,168.05633
2.72154,168.69537
2.72254,169.33707
2.72354,169.98142
2.72454,170.62846
2.72555,171.27818
2.72655,171.93059
2.72755,172.58573
2.72855,173.24358
2.72955,173.90417
2.73055,174.56751
2.73155,175.23360
2.73255,175.90248
2.73355,176.57413
2.73455,177.24858
2.73555,177.92585
2.73655,178.60593
2.73755,179.28885
2.73855,179.97462
2.73955,180.66325
2.74055,181.35475
2.74155,182.04913
2.74255,182.74642
2.74355,183.44662
2.74455,184.14974
2.74555,184.85580
2.74655,185.56481
2.74755,186.27679
2.74855,186.99175
2.74955,187.70969
2.75055,188.43064
2.75155,189.15461
2.75255,189.88161
2.75355,190.61166
2.75455,191.34476
2.75555,192.08094
2.75655,192.82020
2.75755,193.56256
2.75855,194.30804
2.75955,195.05665
2.76055,195.80840
2.76155,196.56330
2.76255,197.32138
2.76355,198.08264
2.76455,198.84710
2.76555,199.61477
2.76655,200.38567
2.76755,201.15981
2.76855,201.93722
2.76955,202.71789
2.77055,203.50185
2.77155,204.28911
2.77255,205.07969
2.77355,205.87360
2.77455,206.67086
2.77556,207.47147
2.77656,208.27547
2.77756,209.08285
2.77856,209.89365
2.77956,210.70787
2.78056,211.52552
2.78156,212.34663
2.78256,213.17121
2.78356,213.99927
2.78456,214.83084
2.78556,215.66592
2.78656,216.50453
2.78756,217.34669
2.78856,218.19242
2.78956,219.04173
2.79056,219.89464
2.79156,220.75115
2.79256,221.61130
2.79356,222.47510
2.79456,223.34256
2.79556,224.21369
2.79656,225.08853
2.79756,225.96708
2.79856,226.84935
2.79956,227.73538
2.80056,228.62516
2.80156,229.51873
2.80256,230.41610
2.80356,231.31728
2.80456,232.22230
2.80556,233.13116
2.80656,234.04390
2.80756,234.96051
2.80856,235.88104
2.80956,236.80548
2.81056,237.73386
2.81156,238.66620
2.81256,239.60251
2.81356,240.54282
2.81456,241.48713
2.81556,242.43548
2.81656,243.38787
2.81756,244.34433
2.81856,245.30488
2.81956,246.26953
2.82056,247.23830
2.82156,248.21121
2.82256,249.18829
2.82356,250.16954
2.82456,251.15499
2.82557,252.14465
2.82657,253.13856
2.82757,254.13672
2.82857,255.13915
2.82957,256.14589
2.83057,257.15693
2.83157,258.17231
2.83257,259.19205
2.83357,260.21616
2.83457,261.24466
2.83557,262.27758
2.83657,263.31493
2.83757,264.35674
2.83857,265.40303
2.83957,266.45381
2.84057,267.50911
2.84157,268.56894
2.84257,269.63334
2.84357,270.70231
2.84457,271.77589
2.84557,272.85408
2.84657,273.93692
2.84757,275.02443
2.84857,276.11662
2.84957,277.21352
2.85057,278.31514
2.85157,279.42152
2.85257,280.53267
2.85357,281.64862
2.85457,282.76938
2.85557,283.89498
2.85657,285.02544
2.85757,286.16079
2.85857,287.30104
2.85957,288.44623
2.86057,289.59636
2.86157,290.75147
2.86257,291.91158
2.86357,293.07670
2.86457,294.24688
2.86557,295.42211
2.86657,296.60244
2.86757,297.78789
2.86857,298.97847
2.86957,300.17422
2.87057,301.37515
2.87157,302.58129
2.87257,303.79266
2.87357,305.00929
2.87457,306.23120
2.87558,307.45843
2.87658,308.69098
2.87758,309.92889
2.87858,311.17218
2.87958,312.42087
2.88058,313.67500
2.88158,314.93458
2.88258,316.19965
2.88358,317.47022
2.88458,318.74633
2.88558,320.02799
2.88658,321.31524
2.88758,322.60810
2.88858,323.90660
2.88958,325.21075
2.89058,326.52060
2.89158,327.83616
2.89258,329.15747
2.89358,330.48454
2.89458,331.81741
2.89558,333.15610
2.89658,334.50065
2.89758,335.85107
2.89858,337.20739
2.89958,338.56965
2.90058,339.93786
2.90158,341.31206
2.90258,342.69228
2.90358,344.07855
2.90458,345.47088
2.90558,346.86932
2.90658,348.27388
2.90758,349.68460
2.90858,351.10151
2.90958,352.52463
2.91058,353.95400
2.91158,355.38964
2.91258,356.83158
2.91358,358.27986
2.91458,359.73450
2.91558,361.19552
2.91658,362.66298
2.91758,364.13688
2.91858,365.61726
2.91958,367.10416
2.92058,368.59760
2.92158,370.09762
2.92258,371.60423
2.92358,373.11749
2.92458,374.63741
2.92559,376.16403
2.92659,377.69738
2.92759,379.23749
2.92859,380.78439
2.92959,382.33812
2.93059,383.89870
2.93159,385.46617
2.93259,387.04057
2.93359,388.62192
2.93459,390.21025
2.93559,391.80561
2.93659,393.40802
2.93759,395.01751
2.93859,396.63413
2.93959,398.25789
2.94059,399.88885
2.94159,401.52702
2.94259,403.17245
2.94359,404.82517
2.94459,406.48521
2.94559,408.15261
2.94659,409.82740
2.94759,411.50962
2.94859,413.19931
2.94959,414.89649
2.95059,416.60120
2.95159,418.31348
2.95259,420.03337
2.95359,421.76090
2.95459,423.49610
2.95559,425.23902
2.95659,426.98969
2.95759,428.74814
2.95859,430.51442
2.95959,432.28856
2.96059,434.07059
2.96159,435.86056
2.96259,437.65851
2.96359,439.46446
2.96459,441.27846
2.96559,443.10055
2.96659,444.93076
2.96759,446.76914
2.96859,448.61572
2.96959,450.47054
2.97059,452.33364
2.97159,454.20506
2.97259,456.08484
2.97359,457.97302
2.97459,459.86964
2.97560,461.77474
2.97660,463.68836
2.97760,465.61054
2.97860,467.54132
2.97960,469.48074
2.98060,471.42884
2.98160,473.38567
2.98260,475.35126
2.98360,477.32566
2.98460,479.30891
2.98560,481.30106
2.98660,483.30213
2.98760,485.31219
2.98860,487.33126
2.98960,489.35940
2.99060,491.39664
2.99160,493.44303
2.99260,495.49862
2.99360,497.56344
2.99460,499.63755
2.99560,501.72098
2.99660,503.81378
2.99760,505.91600
2.99860,508.02767
2.99960,510.14886
3.00060,512.27959
3.00160,514.41992
3.00260,516.56989
3.00360,518.72955
3.00460,520.89895
3.00560,523.07813
3.00660,525.26714
3.00760,527.46602
3.00860,529.67483
3.00960,531.89361
3.01060,534.12241
3.01160,536.36127
3.01260,538.61025
3.01360,540.86940
3.01460,543.13875
3.01560,545.41837
3.01660,547.70830
3.01760,550.00859
3.01860,552.31929
3.01960,554.64046
3.02060,556.97213
3.02160,559.31437
3.02260,561.66721
3.02360,564.03072
3.02460,566.40495
3.02561,568.78994
3.02661,571.18575
3.02761,573.59244
3.02861,576.01004
3.02961,578.43862
3.03061,580.87823
3.03161,583.32892
3.03261,585.79075
3.03361,588.26376
3.03461,590.74802
3.03561,593.24358
3.03661,595.75049
3.03761,598.26880
3.03861,600.79858
3.03961,603.33987
3.04061,605.89274
3.04161,608.45724
3.04261,611.03342
3.04361,613.62134
3.04461,616.22106
3.04561,618.83264
3.04661,621.45613
3.04761,624.09160
3.04861,626.73909
3.04961,629.39867
3.05061,632.07039
3.05161,634.75432
3.05261,637.45052
3.05361,640.15904
3.05461,642.87994
3.05561,645.61328
3.05661,648.35913
3.05761,651.11754
3.05861,653.88858
3.05961,656.67231
3.06061,659.46878
3.06161,662.27807
3.06261,665.10023
3.06361,667.93532
3.06461,670.78341
3.06561,673.64457
3.06661,676.51885
3.06761,679.40632
3.06861,682.30704
3.06961,685.22108
3.07061,688.14850
3.07161,691.08938
3.07261,694.04376
3.07361,697.01173
3.07461,699.99334
3.07562,702.98866
3.07662,705.99777
3.07762,709.02072
3.07862,712.05758
3.07962,715.10843
3.08062,718.17332
3.08162,721.25234
3.08262,724.34555
3.08362,727.45301
3.08462,730.57480
3.08562,733.71098
3.08662,736.86164
3.08762,740.02683
3.08862,743.20663
3.08962,746.40112
3.09062,749.61036
3.09162,752.83442
3.09262,756.07338
3.09362,759.32731
3.09462,762.59629
3.09562,765.88039
3.09662,769.17967
3.09762,772.49423
3.09862,775.82412
3.09962,779.16944
3.10062,782.53024
3.10162,785.90662
3.10262,789.29864
3.10362,792.70638
3.10462,796.12993
3.10562,799.56935
3.10662,803.02472
3.10762,806.49613
3.10862,809.98365
3.10962,813.48737
3.11062,817.00735
3.11162,820.54369
3.11262,824.09646
3.11362,827.66574
3.11462,831.25162
3.11562,834.85417
3.11662,838.47349
3.11762,842.10964
3.11862,845.76272
3.11962,849.43280
3.12062,853.11998
3.12162,856.82433
3.12262,860.54594
3.12362,864.28490
3.12462,868.04129
3.12563,871.81520
3.12663,875.60672
3.12763,879.41592
3.12863,883.24291
3.12963,887.08776
3.13063,890.95056
3.13163,894.83141
3.13263,898.73039
3.13363,902.64760
3.13463,906.58312
3.13563,910.53704
3.13663,914.50946
3.13763,918.50046
3.13863,922.51015
3.13963,926.53860
3.14063,930.58592
3.14163,934.65220
3.14263,938.73753
3.14363,942.84200
3.14463,946.96572
3.14563,951.10878
3.14663,955.27126
3.14763,959.45328
3.14863,963.65493
3.14963,967.87630
3.15063,972.11749
3.15163,976.37860
3.15263,980.65974
3.15363,984.96099
3.15463,989.28246
3.15563,993.62426
3.15663,997.98647
3.15763,1002.36921
3.15863,1006.77257
3.15963,1011.19666
3.16063,1015.64159
3.16163,1020.10745
3.16263,1024.59435
3.16363,1029.10239
3.16463,1033.63168
3.16563,1038.18233
3.16663,1042.75444
3.16763,1047.34813
3.16863,1051.96349
3.16963,1056.60063
3.17063,1061.25967
3.17163,1065.94072
3.17263,1070.64388
3.17363,1075.36926
3.17463,1080.11698
3.17564,1084.88715
3.17664,1089.67987
3.17764,1094.49527
3.17864,1099.33346
3.17964,1104.19454
3.18064,1109.07864
3.18164,1113.98588
3.18264,1118.91635
3.18364,1123.87019
3.18464,1128.84751
3.18564,1133.84843
3.18664,1138.87306
3.18764,1143.92153
3.18864,1148.99395
3.18964,1154.09045
3.19064,1159.21114
3.19164,1164.35615
3.19264,1169.52560
3.19364,1174.71961
3.19464,1179.93830
3.19564,1185.18181
3.19664,1190.45025
3.19764,1195.74375
3.19864,1201.06243
3.19964,1206.40643
3.20064,1211.77586
3.20164,1217.17087
3.20264,1222.59157
3.20364,1228.03809
3.20464,1233.51057
3.20564,1239.00914
3.20664,1244.53393
3.20764,1250.08507
3.20864,1255.66269
3.20964,1261.26693
3.21064,1266.89792
3.21164,1272.55579
3.21264,1278.24069
3.21364,1283.95274
3.21464,1289.69209
3.21564,1295.45888
3.21664,1301.25323
3.21764,1307.07530
3.21864,1312.92522
3.21964,1318.80313
3.22064,1324.70917
3.22164,1330.64349
3.22264,1336.60623
3.22364,1342.59753
3.22464,1348.61754
3.22565,1354.66641
3.22665,1360.74427
3.22765,1366.85128
3.22865,1372.98758
3.22965,1379.15332
3.23065,1385.34865
3.23165,1391.57373
3.23265,1397.82870
3.23365,1404.11371
3.23465,1410.42892
3.23565,1416.77447
3.23665,1423.15054
3.23765,1429.55726
3.23865,1435.99479
3.23965,1442.46330
3.24065,1448.96293
3.24165,1455.49385
3.24265,1462.05621
3.24365,1468.65019
3.24465,1475.27592
3.24565,1481.93359
3.24665,1488.62334
3.24765,1495.34535
3.24865,1502.09978
3.24965,1508.88679
3.25065,1515.70655
3.25165,1522.55923
3.25265,1529.44499
3.25365,1536.36400
3.25465,1543.31643
3.25565,1550.30246
3.25665,1557.32225
3.25765,1564.37598
3.25865,1571.46381
3.25965,1578.58593
3.26065,1585.74251
3.26165,1592.93372
3.26265,1600.15974
3.26365,1607.42076
3.26465,1614.71694
3.26565,1622.04847
3.26665,1629.41553
3.26765,1636.81830
3.26865,1644.25696
3.26965,1651.73170
3.27065,1659.24270
3.27165,1666.79015
3.27265,1674.37424
3.27365,1681.99514
3.27465,1689.65306
3.27566,1697.34817
3.27666,1705.08068
3.27766,1712.85077
3.27866,1720.65864
3.27966,1728.50447
3.28066,1736.38847
3.28166,1744.31083
3.28266,1752.27174
3.28366,1760.27141
3.28466,1768.31003
3.28566,1776.38781
3.28666,1784.50495
3.28766,1792.66164
3.28866,1800.85809
3.28966,1809.09450
3.29066,1817.37109
3.29166,1825.68806
3.29266,1834.04561
3.29366,1842.44396
3.29466,1850.88331
3.29566,1859.36387
3.29666,1867.88587
3.29766,1876.44950
3.29866,1885.05499
3.29966,1893.70256
3.30066,1902.39241
3.30166,1911.12477
3.30266,1919.89985
3.30366,1928.71789
3.30466,1937.57909
3.30566,1946.48368
3.30666,1955.43188
3.30766,1964.42393
3.30866,1973.46005
3.30966,1982.54045
3.31066,1991.66539
3.31166,2000.83507
3.31266,2010.04975
3.31366,2019.30964
3.31466,2028.61498
3.31566,2037.96601
3.31666,2047.36296
3.31766,2056.80608
3.31866,2066.29559
3.31966,2075.83175
3.32066,2085.41479
3.32166,2095.04495
3.32266,2104.72248
3.32366,2114.44763
3.32466,2124.22064
3.32567,2134.04177
3.32667,2143.91125
3.32767,2153.82934
3.32867,2163.79630
3.32967,2173.81237
3.33067,2183.87782
3.33167,2193.99290
3.33267,2204.15786
3.33367,2214.37297
3.33467,2224.63849
3.33567,2234.95467
3.33667,2245.32179
3.33767,2255.74010
3.33867,2266.20988
3.33967,2276.73139
3.34067,2287.30490
3.34167,2297.93068
3.34267,2308.60901
3.34367,2319.34016
3.34467,2330.12439
3.34567,2340.96200
3.34667,2351.85326
3.34767,2362.79844
3.34867,2373.79783
3.34967,2384.85172
3.35067,2395.96038
3.35167,2407.12410
3.35267,2418.34318
3.35367,2429.61789
3.35467,2440.94853
3.35567,2452.33539
3.35667,2463.77877
3.35767,2475.27896
3.35867,2486.83626
3.35967,2498.45096
3.36067,2510.12337
3.36167,2521.85379
3.36267,2533.64252
3.36367,2545.48987
3.36467,2557.39615
3.36567,2569.36166
3.36667,2581.38671
3.36767,2593.47161
3.36867,2605.61669
3.36967,2617.82225
3.37067,2630.08861
3.37167,2642.41610
3.37267,2654.80502
3.37367,2667.25571
3.37467,2679.76849
3.37568,2692.34368
3.37668,2704.98161
3.37768,2717.68261
3.37868,2730.44702
3.37968,2743.27516
3.38068,2756.16737
3.38168,2769.12399
3.38268,2782.14535
3.38368,2795.23181
3.38468,2808.38369
3.38568,2821.60134
3.38668,2834.88512
3.38768,2848.23536
3.38868,2861.65242
3.38968,2875.13665
3.39068,2888.68840
3.39168,2902.30804
3.39268,2915.99591
3.39368,2929.75237
3.39468,2943.57780
3.39568,2957.47255
3.39668,2971.43699
3.39768,2985.47148
3.39868,2999.57640
3.39968,3013.75211
3.40068,3027.99900
3.40168,3042.31744
3.40268,3056.70780
3.40368,3071.17047
3.40468,3085.70582
3.40568,3100.31425
3.40668,3114.99613
3.40768,3129.75186
3.40868,3144.58183
3.40968,3159.48643
3.41068,3174.46606
3.41168,3189.52111
3.41268,3204.65198
3.41368,3219.85908
3.41468,3235.14281
3.41568,3250.50356
3.41668,3265.94177
3.41768,3281.45782
3.41868,3297.05214
3.41968,3312.72514
3.42068,3328.47724
3.42168,3344.30886
3.42268,3360.22042
3.42368,3376.21235
3.42468,3392.28506
3.42569,3408.43900
3.42669,3424.67459
3.42769,3440.99227
3.42869,3457.39247
3.42969,3473.87563
3.43069,3490.44220
3.43169,3507.09261
3.43269,3523.82731
3.43369,3540.64676
3.43469,3557.55140
3.43569,3574.54168
3.43669,3591.61807
3.43769,3608.78102
3.43869,3626.03099
3.43969,3643.36845
3.44069,3660.79386
3.44169,3678.30769
3.44269,3695.91041
3.44369,3713.60250
3.44469,3731.38444
3.44569,3749.25670
3.44669,3767.21977
3.44769,3785.27412
3.44869,3803.42026
3.44969,3821.65866
3.45069,3839.98983
3.45169,3858.41425
3.45269,3876.93243
3.45369,3895.54487
3.45469,3914.25207
3.45569,3933.05454
3.45669,3951.95279
3.45769,3970.94732
3.45869,3990.03867
3.45969,4009.22734
3.46069,4028.51385
3.46169,4047.89874
3.46269,4067.38252
3.46369,4086.96573
3.46469,4106.64890
3.46569,4126.43257
3.46669,4146.31728
3.46769,4166.30356
3.46869,4186.39196
3.46969,4206.58304
3.47069,4226.87734
3.47169,4247.27541
3.47269,4267.77782
3.47369,4288.38512
3.47469,4309.09789
3.47570,4329.91667
3.47670,4350.84205
3.47770,4371.87460
3.47870,4393.01490
3.47970,4414.26352
3.48070,4435.62104
3.48170,4457.08806
3.48270,4478.66516
3.48370,4500.35294
3.48470,4522.15199
3.48570,4544.06291
3.48670,4566.08630
3.48770,4588.22278
3.48870,4610.47294
3.48970,4632.83741
3.49070,4655.31680
3.49170,4677.91173
3.49270,4700.62282
3.49370,4723.45070
3.49470,4746.39600
3.49570,4769.45935
3.49670,4792.64140
3.49770,4815.94278
3.49870,4839.36414
3.49970,4862.90613
3.50070,4886.56939
3.50170,4910.35459
3.50270,4934.26239
3.50370,4958.29344
3.50470,4982.44842
3.50570,5006.72799
3.50670,5031.13283
3.50770,5055.66362
3.50870,5080.32104
3.50970,5105.10578
3.51070,5130.01852
3.51170,5155.05997
3.51270,5180.23081
3.51370,5205.53175
3.51470,5230.96350
3.51570,5256.52676
3.51670,5282.22225
3.51770,5308.05069
3.51870,5334.01279
3.51970,5360.10929
3.52070,5386.34091
3.52170,5412.70839
3.52270,5439.21247
3.52370,5465.85389
3.52470,5492.63339
3.52571,5519.55172
3.52671,5546.60965
3.52771,5573.80793
3.52871,5601.14732
3.52971,5628.62860
3.53071,5656.25253
3.53171,5684.01989
3.53271,5711.93146
3.53371,5739.98804
3.53471,5768.19040
3.53571,5796.53934
3.53671,5825.03567
3.53771,5853.68018
3.53871,5882.47369
3.53971,5911.41701
3.54071,5940.51094
3.54171,5969.75633
3.54271,5999.15399
3.54371,6028.70475
3.54471,6058.40946
3.54571,6088.26894
3.54671,6118.28406
3.54771,6148.45565
3.54871,6178.78458
3.54971,6209.27170
3.55071,6239.91788
3.55171,6270.72399
3.55271,6301.69090
3.55371,6332.81950
3.55471,6364.11067
3.55571,6395.56530
3.55671,6427.18428
3.55771,6458.96852
3.55871,6490.91891
3.55971,6523.03639
3.56071,6555.32184
3.56171,6587.77621
3.56271,6620.40041
3.56371,6653.19538
3.56471,6686.16205
3.56571,6719.30137
3.56671,6752.61428
3.56771,6786.10173
3.56871,6819.76470
3.56971,6853.60413
3.57071,6887.62100
3.57171,6921.81628
3.57271,6956.19096
3.57371,6990.74602
3.57471,7025.48246
3.57572,7060.40126
3.57672,7095.50344
3.57772,7130.79000
3.57872,7166.26196
3.57972,7201.92034
3.58072,7237.76617
3.58172,7273.80047
3.58272,7310.02429
3.58372,7346.43867
3.58472,7383.04466
3.58572,7419.84333
3.58672,7456.83572
3.58772,7494.02291
3.58872,7531.40597
3.58972,7568.98599
3.59072,7606.76405
3.59172,7644.74124
3.59272,7682.91867
3.59372,7721.29744
3.59472,7759.87867
3.59572,7798.66346
3.59672,7837.65296
3.59772,7876.84828
3.59872,7916.25057
3.59972,7955.86097
3.60072,7995.68063
3.60172,8035.71071
3.60272,8075.95238
3.60372,8116.40681
3.60472,8157.07517
3.60572,8197.95865
3.60672,8239.05845
3.60772,8280.37575
3.60872,8321.91177
3.60972,8363.66772
3.61072,8405.64481
3.61172,8447.84428
3.61272,8490.26736
3.61372,8532.91529
3.61472,8575.78931
3.61572,8618.89069
3.61672,8662.22068
3.61772,8705.78055
3.61872,8749.57158
3.61972,8793.59506
3.62072,8837.85228
3.62172,8882.34453
3.62272,8927.07313
3.62372,8972.03938
3.62472,9017.24461
3.62573,9062.69015
3.62673,9108.37734
3.62773,9154.30752
3.62873,9200.48204
3.62973,9246.90227
3.63073,9293.56958
3.63173,9340.48533
3.63273,9387.65092
3.63373,9435.06774
3.63473,9482.73718
3.63573,9530.66067
3.63673,9578.83960
3.63773,9627.27542
3.63873,9675.96954
3.63973,9724.92343
3.64073,9774.13851
3.64173,9823.61627
3.64273,9873.35815
3.64373,9923.36563
3.64473,9973.64021
3.64573,10024.18337
3.64673,10074.99661
3.64773,10126.08145
3.64873,10177.43941
3.64973,10229.07200
3.65073,10280.98077
3.65173,10333.16727
3.65273,10385.63305
3.65373,10438.37967
3.65473,10491.40870
3.65573,10544.72173
3.65673,10598.32035
3.65773,10652.20616
3.65873,10706.38077
3.65973,10760.84579
3.66073,10815.60287
3.66173,10870.65363
3.66273,10925.99972
3.66373,10981.64280
3.66473,11037.58455
3.66573,11093.82662
3.66673,11150.37072
3.66773,11207.21853
3.66873,11264.37177
3.66973,11321.83215
3.67073,11379.60139
3.67173,11437.68124
3.67273,11496.07344
3.67373,11554.77975
3.67473,11613.80192
3.67574,11673.14175
3.67674,11732.80102
3.67774,11792.78153
3.67874,11853.08508
3.67974,11913.71350
3.68074,11974.66862
3.68174,12035.95227
3.68274,12097.56631
3.68374,12159.51260
3.68474,12221.79302
3.68574,12284.40945
3.68674,12347.36378
3.68774,12410.65792
3.68874,12474.29379
3.68974,12538.27331
3.69074,12602.59844
3.69174,12667.27112
3.69274,12732.29330
3.69374,12797.66698
3.69474,12863.39413
3.69574,12929.47676
3.69674,12995.91686
3.69774,13062.71647
3.69874,13129.87762
3.69974,13197.40235
3.70074,13265.29271
3.70174,13333.55079
3.70274,13402.17866
3.70374,13471.17842
3.70474,13540.55217
3.70574,13610.30202
3.70674,13680.43012
3.70774,13750.93861
3.70874,13821.82964
3.70974,13893.10537
3.71074,13964.76801
3.71174,14036.81973
3.71274,14109.26274
3.71374,14182.09927
3.71474,14255.33155
3.71574,14328.96183
3.71674,14402.99237
3.71774,14477.42544
3.71874,14552.26332
3.71974,14627.50833
3.72074,14703.16277
3.72174,14779.22896
3.72274,14855.70927
3.72374,14932.60602
3.72474,15009.92161
3.72575,15087.65841
3.72675,15165.81881
3.72775,15244.40524
3.72875,15323.42011
3.72975,15402.86587
3.73075,15482.74497
3.73175,15563.05988
3.73275,15643.81308
3.73375,15725.00708
3.73475,15806.64438
3.73575,15888.72752
3.73675,15971.25903
3.73775,16054.24148
3.73875,16137.67744
3.73975,16221.56950
3.74075,16305.92026
3.74175,16390.73235
3.74275,16476.00839
3.74375,16561.75104
3.74475,16647.96297
3.74575,16734.64685
3.74675,16821.80539
3.74775,16909.44130
3.74875,16997.55731
3.74975,17086.15617
3.75075,17175.24064
3.75175,17264.81349
3.75275,17354.87754
3.75375,17445.43558
3.75475,17536.49045
3.75575,17628.04500
3.75675,17720.10208
3.75775,17812.66458
3.75875,17905.73539
3.75975,17999.31744
3.76075,18093.41364
3.76175,18188.02696
3.76275,18283.16036
3.76375,18378.81681
3.76475,18474.99934
3.76575,18571.71094
3.76675,18668.95468
3.76775,18766.73359
3.76875,18865.05076
3.76975,18963.90927
3.77075,19063.31225
3.77175,19163.26282
3.77275,19263.76412
3.77375,19364.81934
3.77475,19466.43164
3.77576,19568.60425
3.77676,19671.34038
3.77776,19774.64328
3.77876,19878.51620
3.77976,19982.96245
3.78076,20087.98531
3.78176,20193.58811
3.78276,20299.77419
3.78376,20406.54691
3.78476,20513.90967
3.78576,20621.86585
3.78676,20730.41888
3.78776,20839.57221
3.78876,20949.32930
3.78976,21059.69363
3.79076,21170.66872
3.79176,21282.25808
3.79276,21394.46526
3.79376,21507.29385
3.79476,21620.74741
3.79576,21734.82958
3.79676,21849.54398
3.79776,21964.89426
3.79876,22080.88411
3.79976,22197.51722
3.80076,22314.79732
3.80176,22432.72816
3.80276,22551.31349
3.80376,22670.55710
3.80476,22790.46282
3.80576,22911.03447
3.80676,23032.27592
3.80776,23154.19104
3.80876,23276.78374
3.80976,23400.05794
3.81076,23524.01761
3.81176,23648.66671
3.81276,23774.00925
3.81376,23900.04924
3.81476,24026.79075
3.81576,24154.23783
3.81676,24282.39459
3.81776,24411.26514
3.81876,24540.85364
3.81976,24671.16426
3.82076,24802.20119
3.82176,24933.96865
3.82276,25066.47090
3.82376,25199.71220
3.82476,25333.69685
3.82577,25468.42918
3.82677,25603.91355
3.82777,25740.15432
3.82877,25877.15589
3.82977,26014.92271
3.83077,26153.45923
3.83177,26292.76993
3.83277,26432.85932
3.83377,26573.73194
3.83477,26715.39236
3.83577,26857.84517
3.83677,27001.09499
3.83777,27145.14648
3.83877,27290.00430
3.83977,27435.67316
3.84077,27582.15780
3.84177,27729.46299
3.84277,27877.59350
3.84377,28026.55417
3.84477,28176.34984
3.84577,28326.98539
3.84677,28478.46574
3.84777,28630.79581
3.84877,28783.98059
3.84977,28938.02506
3.85077,29092.93426
3.85177,29248.71324
3.85277,29405.36710
3.85377,29562.90096
3.85477,29721.31997
3.85577,29880.62932
3.85677,30040.83421
3.85777,30201.93990
3.85877,30363.95166
3.85977,30526.87481
3.86077,30690.71469
3.86177,30855.47668
3.86277,31021.16617
3.86377,31187.78862
3.86477,31355.34950
3.86577,31523.85432
3.86677,31693.30861
3.86777,31863.71795
3.86877,32035.08796
3.86977,32207.42427
3.87077,32380.73256
3.87177,32555.01855
3.87277,32730.28798
3.87377,32906.54663
3.87477,33083.80032
3.87578,33262.05490
3.87678,33441.31627
3.87778,33621.59034
3.87878,33802.88307
3.87978,33985.20047
3.88078,34168.54856
3.88178,34352.93342
3.88278,34538.36116
3.88378,34724.83791
3.88478,34912.36986
3.88578,35100.96324
3.88678,35290.62429
3.88778,35481.35932
3.88878,35673.17466
3.88978,35866.07668
3.89078,36060.07180
3.89178,36255.16646
3.89278,36451.36717
3.89378,36648.68044
3.89478,36847.11286
3.89578,37046.67103
3.89678,37247.36160
3.89778,37449.19127
3.89878,37652.16677
3.89978,37856.29487
3.90078,38061.58240
3.90178,38268.03620
3.90278,38475.66319
3.90378,38684.47029
3.90478,38894.46451
3.90578,39105.65285
3.90678,39318.04241
3.90778,39531.64028
3.90878,39746.45364
3.90978,39962.48967
3.91078,40179.75564
3.91178,40398.25882
3.91278,40618.00655
3.91378,40839.00622
3.91478,41061.26525
3.91578,41284.79111
3.91678,41509.59133
3.91778,41735.67345
3.91878,41963.04511
3.91978,42191.71394
3.92078,42421.68767
3.92178,42652.97403
3.92278,42885.58083
3.92378,43119.51592
3.92478,43354.78719
3.92579,43591.40258
3.92679,43829.37010
3.92779,44068.69778
3.92879,44309.39372
3.92979,44551.46606
3.93079,44794.92299
3.93179,45039.77276
3.93279,45286.02365
3.93379,45533.68402
3.93479,45782.76226
3.93579,46033.26682
3.93679,46285.20620
3.93779,46538.58895
3.93879,46793.42368
3.93979,47049.71906
3.94079,47307.48378
3.94179,47566.72663
3.94279,47827.45641
3.94379,48089.68201
3.94479,48353.41235
3.94579,48618.65643
3.94679,48885.42327
3.94779,49153.72199
3.94879,49423.56173
3.94979,49694.95170
3.95079,49967.90117
3.95179,50242.41947
3.95279,50518.51597
3.95379,50796.20012
3.95479,51075.48142
3.95579,51356.36942
3.95679,51638.87374
3.95779,51923.00406
3.95879,52208.77012
3.95979,52496.18170
3.96079,52785.24868
3.96179,53075.98096
3.96279,53368.38854
3.96379,53662.48145
3.96479,53958.26979
3.96579,54255.76374
3.96679,54554.97352
3.96779,54855.90944
3.96879,55158.58184
3.96979,55463.00116
3.97079,55769.17787
3.97179,56077.12254
3.97279,56386.84578
3.97379,56698.35827
3.97479,57011.67077
3.97580,57326.79410
3.97680,57643.73914
3.97780,57962.51683
3.97880,58283.13822
3.97980,58605.61438
3.98080,58929.95647
3.98180,59256.17572
3.98280,59584.28344
3.98380,59914.29098
3.98480,60246.20980
3.98580,60580.05140
3.98680,60915.82736
3.98780,61253.54933
3.98880,61593.22906
3.98980,61934.87834
3.99080,62278.50904
3.99180,62624.13311
3.99280,62971.76258
3.99380,63321.40954
3.99480,63673.08617
3.99580,64026.80472
3.99680,64382.57752
3.99780,64740.41697
3.99880,65100.33556
3.99980,65462.34583
4.00080,65826.46044
4.00180,66192.69209
4.00280,66561.05359
4.00380,66931.55780
4.00480,67304.21770
4.00580,67679.04632
4.00680,68056.05677
4.00780,68435.26226
4.00880,68816.67608
4.00980,69200.31160
4.01080,69586.18226
4.01180,69974.30160
4.01280,70364.68325
4.01380,70757.34091
4.01480,71152.28837
4.01580,71549.53951
4.01680,71949.10831
4.01780,72351.00881
4.01880,72755.25516
4.01980,73161.86159
4.02080,73570.84241
4.02180,73982.21204
4.02280,74395.98498
4.02380,74812.17583
4.02480,75230.79925
4.02581,75651.87005
4.02681,76075.40307
4.02781,76501.41328
4.02881,76929.91575
4.02981,77360.92561
4.03081,77794.45813
4.03181,78230.52863
4.03281,78669.15256
4.03381,79110.34547
4.03481,79554.12297
4.03581,80000.50080
4.03681,80449.49480
4.03781,80901.12090
4.03881,81355.39512
4.03981,81812.33361
4.04081,82271.95259
4.04181,82734.26841
4.04281,83199.29750
4.04381,83667.05641
4.04481,84137.56179
4.04581,84610.83039
4.04681,85086.87906
4.04781,85565.72478
4.04881,86047.38462
4.04981,86531.87576
4.05081,87019.21548
4.05181,87509.42119
4.05281,88002.51039
4.05381,88498.50070
4.05481,88997.40986
4.05581,89499.25570
4.05681,90004.05618
4.05781,90511.82938
4.05881,91022.59346
4.05981,91536.36674
4.06081,92053.16762
4.06181,92573.01464
4.06281,93095.92644
4.06381,93621.92179
4.06481,94151.01958
4.06581,94683.23881
4.06681,95218.59860
4.06781,95757.11821
4.06881,96298.81699
4.06981,96843.71445
4.07081,97391.83019
4.07181,97943.18396
4.07281,98497.79562
4.07381,99055.68516
4.07481,99616.87269
4.07582,100181.37847
4.07682,100749.22287
4.07782,101320.42639
4.07882,101895.00966
4.07982,102472.99344
4.08082,103054.39864
4.08182,103639.24629
4.08282,104227.55754
4.08382,104819.35370
4.08482,105414.65619
4.08582,106013.48659
4.08682,106615.86660
4.08782,107221.81807
4.08882,107831.36298
4.08982,108444.52345
4.09082,109061.32176
4.09182,109681.78029
4.09282,110305.92162
4.09382,110933.76842
4.09482,111565.34353
4.09582,112200.66995
4.09682,112839.77079
4.09782,113482.66933
4.09882,114129.38900
4.09982,114779.95338
4.10082,115434.38619
4.10182,116092.71130
4.10282,116754.95274
4.10382,117421.13470
4.10482,118091.28152
4.10582,118765.41768
4.10682,119443.56783
4.10782,120125.75679
4.10882,120812.00951
4.10982,121502.35112
4.11082,122196.80690
4.11182,122895.40230
4.11282,123598.16293
4.11382,124305.11457
4.11482,125016.28314
4.11582,125731.69476
4.11682,126451.37569
4.11782,127175.35237
4.11882,127903.65142
4.11982,128636.29961
4.12082,129373.32388
4.12182,130114.75137
4.12282,130860.60937
4.12382,131610.92536
4.12482,132365.72697
4.12583,133125.04204
4.12683,133888.89856
4.12783,134657.32472
4.12883,135430.34889
4.12983,136207.99961
4.13083,136990.30561
4.13183,137777.29580
4.13283,138568.99928
4.13383,139365.44534
4.13483,140166.66345
4.13583,140972.68327
4.13683,141783.53466
4.13783,142599.24767
4.13883,143419.85253
4.13983,144245.37967
4.14083,145075.85973
4.14183,145911.32354
4.14283,146751.80210
4.14383,147597.32666
4.14483,148447.92862
4.14583,149303.63963
4.14683,150164.49151
4.14783,151030.51630
4.14883,151901.74624
4.14983,152778.21377
4.15083,153659.95156
4.15183,154546.99248
4.15283,155439.36960
4.15383,156337.11622
4.15483,157240.26586
4.15583,158148.85222
4.15683,159062.90927
4.15783,159982.47115
4.15883,160907.57226
4.15983,161838.24719
4.16083,162774.53077
4.16183,163716.45806
4.16283,164664.06432
4.16383,165617.38508
4.16483,166576.45606
4.16583,167541.31323
4.16683,168511.99278
4.16783,169488.53117
4.16883,170470.96504
4.16983,171459.33131
4.17083,172453.66712
4.17183,173454.00985
4.17283,174460.39714
4.17383,175472.86685
4.17483,176491.45710
4.17584,177516.20625
4.17684,178547.15290
4.17784,179584.33593
4.17884,180627.79444
4.17984,181677.56780
4.18084,182733.69563
4.18184,183796.21780
4.18284,184865.17445
4.18384,185940.60598
4.18484,187022.55305
4.18584,188111.05658
4.18684,189206.15776
4.18784,190307.89803
4.18884,191416.31913
4.18984,192531.46305
4.19084,193653.37205
4.19184,194782.08869
4.19284,195917.65577
4.19384,197060.11639
4.19484,198209.51394
4.19584,199365.89206
4.19684,200529.29470
4.19784,201699.76609
4.19884,202877.35074
4.19984,204062.09346
4.20084,205254.03934
4.20184,206453.23378
4.20284,207659.72246
4.20384,208873.55136
4.20484,210094.76677
4.20584,211323.41526
4.20684,212559.54373
4.20784,213803.19937
4.20884,215054.42967
4.20984,216313.28245
4.21084,217579.80583
4.21184,218854.04824
4.21284,220136.05843
4.21384,221425.88548
4.21484,222723.57876
4.21584,224029.18800
4.21684,225342.76322
4.21784,226664.35478
4.21884,227994.01339
4.21984,229331.79005
4.22084,230677.73613
4.22184,232031.90332
4.22284,233394.34363
4.22384,234765.10945
4.22484,236144.25348
4.22585,237531.82877
4.22685,238927.88873
4.22785,240332.48711
4.22885,241745.67801
4.22985,243167.51588
4.23085,244598.05554
4.23185,246037.35217
4.23285,247485.46129
4.23385,248942.43879
4.23485,250408.34095
4.23585,251883.22440
4.23685,253367.14612
4.23785,254860.16351
4.23885,256362.33430
4.23985,257873.71664
4.24085,259394.36903
4.24185,260924.35036
4.24285,262463.71992
4.24385,264012.53737
4.24485,265570.86279
4.24585,267138.75661
4.24685,268716.27970
4.24785,270303.49331
4.24885,271900.45908
4.24985,273507.23909
4.25085,275123.89579
4.25185,276750.49206
4.25285,278387.09119
4.25385,280033.75689
4.25485,281690.55328
4.25585,283357.54491
4.25685,285034.79675
4.25785,286722.37419
4.25885,288420.34307
4.25985,290128.76965
4.26085,291847.72062
4.26185,293577.26312
4.26285,295317.46473
4.26385,297068.39347
4.26485,298830.11782
4.26585,300602.70669
4.26685,302386.22947
4.26785,304180.75598
4.26885,305986.35653
4.26985,307803.10187
4.27085,309631.06322
4.27185,311470.31228
4.27285,313320.92121
4.27385,315182.96266
4.27485,317056.50975
4.27586,318941.63609
4.27686,320838.41576
4.27786,322746.92335
4.27886,324667.23393
4.27986,326599.42307
4.28086,328543.56683
4.28186,330499.74179
4.28286,332468.02502
4.28386,334448.49411
4.28486,336441.22716
4.28586,338446.30278
4.28686,340463.80010
4.28786,342493.79880
4.28886,344536.37905
4.28986,346591.62156
4.29086,348659.60760
4.29186,350740.41895
4.29286,352834.13794
4.29386,354940.84744
4.29486,357060.63088
4.29586,359193.57224
4.29686,361339.75605
4.29786,363499.26741
4.29886,365672.19197
4.29986,367858.61596
4.30086,370058.62618
4.30186,372272.31000
4.30286,374499.75537
4.30386,376741.05084
4.30486,378996.28553
4.30586,381265.54914
4.30686,383548.93201
4.30786,385846.52503
4.30886,388158.41972
4.30986,390484.70821
4.31086,392825.48323
4.31186,395180.83814
4.31286,397550.86690
4.31386,399935.66412
4.31486,402335.32501
4.31586,404749.94544
4.31686,407179.62191
4.31786,409624.45155
4.31886,412084.53216
4.31986,414559.96216
4.32086,417050.84065
4.32186,419557.26739
4.32286,422079.34277
4.32386,424617.16790
4.32486,427170.84453
4.32587,429740.47510
4.32687,432326.16272
4.32787,434928.01119
4.32887,437546.12503
4.32987,440180.60943
4.33087,442831.57027
4.33187,445499.11417
4.33287,448183.34844
4.33387,450884.38111
4.33487,453602.32092
4.33587,456337.27737
4.33687,459089.36066
4.33787,461858.68173
4.33887,464645.35227
4.33987,467449.48472
4.34087,470271.19224
4.34187,473110.58880
4.34287,475967.78908
4.34387,478842.90855
4.34487,481736.06347
4.34587,484647.37083
4.34687,487576.94846
4.34787,490524.91493
4.34887,493491.38962
4.34987,496476.49273
4.35087,499480.34524
4.35187,502503.06894
4.35287,505544.78645
4.35387,508605.62120
4.35487,511685.69745
4.35587,514785.14030
4.35687,517904.07568
4.35787,521042.63037
4.35887,524200.93198
4.35987,527379.10902
4.36087,530577.29081
4.36187,533795.60757
4.36287,537034.19039
4.36387,540293.17124
4.36487,543572.68295
4.36587,546872.85929
4.36687,550193.83489
4.36787,553535.74529
4.36887,556898.72696
4.36987,560282.91726
4.37087,563688.45450
4.37187,567115.47790
4.37287,570564.12762
4.37387,574034.54476
4.37487,577526.87139
4.37588,581041.25050
4.37688,584577.82608
4.37788,588136.74306
4.37888,591718.14735
4.37988,595322.18587
4.38088,598949.00648
4.38188,602598.75808
4.38288,606271.59056
4.38388,609967.65480
4.38488,613687.10272
4.38588,617430.08727
4.38688,621196.76239
4.38788,624987.28311
4.38888,628801.80546
4.38988,632640.48656
4.39088,636503.48456
4.39188,640390.95870
4.39288,644303.06929
4.39388,648239.97769
4.39488,652201.84641
4.39588,656188.83899
4.39688,660201.12014
4.39788,664238.85562
4.39888,668302.21236
4.39988,672391.35840
4.40088,676506.46289
4.40188,680647.69617
4.40288,684815.22971
4.40388,689009.23612
4.40488,693229.88921
4.40588,697477.36395
4.40688,701751.83649
4.40788,706053.48418
4.40888,710382.48556
4.40988,714739.02041
4.41088,719123.26968
4.41188,723535.41558
4.41288,727975.64155
4.41388,732444.13225
4.41488,736941.07362
4.41588,741466.65284
4.41688,746021.05838
4.41788,750604.47996
4.41888,755217.10861
4.41988,759859.13664
4.42088,764530.75768
4.42188,769232.16666
4.42288,773963.55984
4.42388,778725.13481
4.42488,783517.09051
4.42589,788339.62720
4.42689,793192.94655
4.42789,798077.25155
4.42889,802992.74661
4.42989,807939.63749
4.43089,812918.13139
4.43189,817928.43689
4.43289,822970.76400
4.43389,828045.32414
4.43489,833152.33020
4.43589,838291.99649
4.43689,843464.53879
4.43789,848670.17434
4.43889,853909.12188
4.43989,859181.60162
4.44089,864487.83527
4.44189,869828.04606
4.44289,875202.45873
4.44389,880611.29957
4.44489,886054.79637
4.44589,891533.17853
4.44689,897046.67697
4.44789,902595.52420
4.44889,908179.95431
4.44989,913800.20300
4.45089,919456.50757
4.45189,925149.10693
4.45289,930878.24164
4.45389,936644.15388
4.45489,942447.08751
4.45589,948287.28802
4.45689,954165.00260
4.45789,960080.48013
4.45889,966033.97119
4.45989,972025.72806
4.46089,978056.00475
4.46189,984125.05702
4.46289,990233.14235
4.46389,996380.52000
4.46489,1002567.45102
4.46589,1008794.19820
4.46689,1015061.02617
4.46789,1021368.20136
4.46889,1027715.99201
4.46989,1034104.66820
4.47089,1040534.50189
4.47189,1047005.76685
4.47289,1053518.73877
4.47389,1060073.69520
4.47489,1066670.91562
4.47590,1073310.68139
4.47690,1079993.27584
4.47790,1086718.98420
4.47890,1093488.09369
4.47990,1100300.89348
4.48090,1107157.67474
4.48190,1114058.73062
4.48290,1121004.35629
4.48390,1127994.84895
4.48490,1135030.50783
4.48590,1142111.63423
4.48690,1149238.53151
4.48790,1156411.50511
4.48890,1163630.86258
4.48990,1170896.91356
4.49090,1178209.96985
4.49190,1185570.34538
4.49290,1192978.35622
4.49390,1200434.32064
4.49490,1207938.55909
4.49590,1215491.39422
4.49690,1223093.15091
4.49790,1230744.15625
4.49890,1238444.73963
4.49990,1246195.23265
4.50090,1253995.96924
4.50190,1261847.28560
4.50290,1269749.52027
4.50390,1277703.01409
4.50490,1285708.11029
4.50590,1293765.15442
4.50690,1301874.49446
4.50790,1310036.48075
4.50890,1318251.46606
4.50990,1326519.80560
4.51090,1334841.85702
4.51190,1343217.98044
4.51290,1351648.53847
4.51390,1360133.89622
4.51490,1368674.42132
4.51590,1377270.48394
4.51690,1385922.45680
4.51790,1394630.71521
4.51890,1403395.63705
4.51990,1412217.60283
4.52090,1421096.99568
4.52190,1430034.20139
4.52290,1439029.60840
4.52390,1448083.60785
4.52490,1457196.59358
4.52591,1466368.96214
4.52691,1475601.11286
4.52791,1484893.44781
4.52891,1494246.37183
4.52991,1503660.29258
4.53091,1513135.62055
4.53191,1522672.76905
4.53291,1532272.15428
4.53391,1541934.19530
4.53491,1551659.31407
4.53591,1561447.93551
4.53691,1571300.48745
4.53791,1581217.40069
4.53891,1591199.10904
4.53991,1601246.04930
4.54091,1611358.66129
4.54191,1621537.38791
4.54291,1631782.67512
4.54391,1642094.97197
4.54491,1652474.73062
4.54591,1662922.40639
4.54691,1673438.45775
4.54791,1684023.34637
4.54891,1694677.53709
4.54991,1705401.49802
4.55091,1716195.70050
4.55191,1727060.61915
4.55291,1737996.73190
4.55391,1749004.51999
4.55491,1760084.46801
4.55591,1771237.06393
4.55691,1782462.79911
4.55791,1793762.16831
4.55891,1805135.66977
4.55991,1816583.80517
4.56091,1828107.07968
4.56191,1839706.00202
4.56291,1851381.08442
4.56391,1863132.84269
4.56491,1874961.79623
4.56591,1886868.46807
4.56691,1898853.38489
4.56791,1910917.07700
4.56891,1923060.07847
4.56991,1935282.92705
4.57091,1947586.16424
4.57191,1959970.33535
4.57291,1972435.98947
4.57391,1984983.67952
4.57491,1997613.96230
4.57592,2010327.39847
4.57692,2023124.55263
4.57792,2036005.99331
4.57892,2048972.29302
4.57992,2062024.02825
4.58092,2075161.77953
4.58192,2088386.13147
4.58292,2101697.67273
4.58392,2115096.99610
4.58492,2128584.69852
4.58592,2142161.38110
4.58692,2155827.64917
4.58792,2169584.11226
4.58892,2183431.38421
4.58992,2197370.08311
4.59092,2211400.83142
4.59192,2225524.25594
4.59292,2239740.98784
4.59392,2254051.66275
4.59492,2268456.92072
4.59592,2282957.40630
4.59692,2297553.76855
4.59792,2312246.66110
4.59892,2327036.74213
4.59992,2341924.67446
4.60092,2356911.12555
4.60192,2371996.76754
4.60292,2387182.27728
4.60392,2402468.33640
4.60492,2417855.63127
4.60592,2433344.85310
4.60692,2448936.69797
4.60792,2464631.86681
4.60892,2480431.06551
4.60992,2496335.00489
4.61092,2512344.40078
4.61192,2528459.97404
4.61292,2544682.45059
4.61392,2561012.56146
4.61492,2577451.04282
4.61592,2593998.63600
4.61692,2610656.08757
4.61792,2627424.14934
4.61892,2644303.57840
4.61992,2661295.13719
4.62092,2678399.59351
4.62192,2695617.72054
4.62292,2712950.29694
4.62392,2730398.10683
4.62492,2747961.93987
4.62593,2765642.59128
4.62693,2783440.86186
4.62793,2801357.55809
4.62893,2819393.49211
4.62993,2837549.48180
4.63093,2855826.35079
4.63193,2874224.92854
4.63293,2892746.05035
4.63393,2911390.55741
4.63493,2930159.29685
4.63593,2949053.12179
4.63693,2968072.89136
4.63793,2987219.47075
4.63893,3006493.73128
4.63993,3025896.55040
4.64093,3045428.81178
4.64193,3065091.40532
4.64293,3084885.22722
4.64393,3104811.18001
4.64493,3124870.17259
4.64593,3145063.12030
4.64693,3165390.94495
4.64793,3185854.57488
4.64893,3206454.94497
4.64993,3227192.99674
4.65093,3248069.67838
4.65193,3269085.94475
4.65293,3290242.75752
4.65393,3311541.08515
4.65493,3332981.90294
4.65593,3354566.19312
4.65693,3376294.94489
4.65793,3398169.15443
4.65893,3420189.82499
4.65993,3442357.96696
4.66093,3464674.59785
4.66193,3487140.74241
4.66293,3509757.43265
4.66393,3532525.70792
4.66493,3555446.61492
4.66593,3578521.20779
4.66693,3601750.54815
4.66793,3625135.70515
4.66893,3648677.75555
4.66993,3672377.78373
4.67093,3696236.88179
4.67193,3720256.14959
4.67293,3744436.69480
4.67393,3768779.63296
4.67493,3793286.08754
4.67594,3817957.19000
4.67694,3842794.07985
4.67794,3867797.90468
4.67894,3892969.82027
4.67994,3918310.99062
4.68094,3943822.58800
4.68194,3969505.79303
4.68294,3995361.79473
4.68394,4021391.79059
4.68494,4047596.98663
4.68594,4073978.59745
4.68694,4100537.84631
4.68794,4127275.96519
4.68894,4154194.19482
4.68994,4181293.78481
4.69094,4208575.99366
4.69194,4236042.08885
4.69294,4263693.34689
4.69394,4291531.05339
4.69494,4319556.50315
4.69594,4347771.00019
4.69694,4376175.85786
4.69794,4404772.39885
4.69894,4433561.95531
4.69994,4462545.86892
4.70094,4491725.49090
4.70194,4521102.18216
4.70294,4550677.31331
4.70394,4580452.26477
4.70494,4610428.42680
4.70594,4640607.19963
4.70694,4670989.99346
4.70794,4701578.22862
4.70894,4732373.33556
4.70994,4763376.75498
4.71094,4794589.93788
4.71194,4826014.34565
4.71294,4857651.45013
4.71394,4889502.73371
4.71494,4921569.68936
4.71594,4953853.82079
4.71694,4986356.64244
4.71794,5019079.67961
4.71894,5052024.46853
4.71994,5085192.55643
4.72094,5118585.50166
4.72194,5152204.87369
4.72294,5186052.25328
4.72394,5220129.23252
4.72494,5254437.41491
4.72595,5288978.41545
4.72695,5323753.86075
4.72795,5358765.38905
4.72895,5394014.65040
4.72995,5429503.30666
4.73095,5465233.03162
4.73195,5501205.51111
4.73295,5537422.44307
4.73395,5573885.53761
4.73495,5610596.51715
4.73595,5647557.11648
4.73695,5684769.08287
4.73795,5722234.17613
4.73895,5759954.16874
4.73995,5797930.84592
4.74095,5836166.00573
4.74195,5874661.45917
4.74295,5913419.03028
4.74395,5952440.55619
4.74495,5991727.88730
4.74595,6031282.88730
4.74695,6071107.43331
4.74795,6111203.41596
4.74895,6151572.73952
4.74995,6192217.32196
4.75095,6233139.09507
4.75195,6274340.00457
4.75295,6315822.01019
4.75395,6357587.08582
4.75495,6399637.21955
4.75595,6441974.41383
4.75695,6484600.68554
4.75795,6527518.06611
4.75895,6570728.60165
4.75995,6614234.35301
4.76095,6658037.39593
4.76195,6702139.82114
4.76295,6746543.73446
4.76395,6791251.25691
4.76495,6836264.52486
4.76595,6881585.69008
4.76695,6927216.91991
4.76795,6973160.39735
4.76895,7019418.32118
4.76995,7065992.90608
4.77095,7112886.38274
4.77195,7160100.99799
4.77295,7207639.01490
4.77395,7255502.71292
4.77495,7303694.38801
4.77596,7352216.35273
4.77696,7401070.93639
4.77796,7450260.48515
4.77896,7499787.36217
4.77996,7549653.94773
4.78096,7599862.63935
4.78196,7650415.85193
4.78296,7701316.01784
4.78396,7752565.58712
4.78496,7804167.02753
4.78596,7856122.82476
4.78696,7908435.48251
4.78796,7961107.52263
4.78896,8014141.48528
4.78996,8067539.92904
4.79096,8121305.43106
4.79196,8175440.58721
4.79296,8229948.01218
4.79396,8284830.33966
4.79496,8340090.22247
4.79596,8395730.33268
4.79696,8451753.36180
4.79796,8508162.02087
4.79896,8564959.04064
4.79996,8622147.17172
4.80096,8679729.18470
4.80196,8737707.87033
4.80296,8796086.03964
4.80396,8854866.52413
4.80496,8914052.17586
4.80596,8973645.86769
4.80696,9033650.49335
4.80796,9094068.96766
4.80896,9154904.22664
4.80996,9216159.22769
4.81096,9277836.94976
4.81196,9339940.39349
4.81296,9402472.58140
4.81396,9465436.55799
4.81496,9528835.38999
4.81596,9592672.16648
4.81696,9656949.99903
4.81796,9721672.02192
4.81896,9786841.39230
4.81996,9852461.29033
4.82096,9918534.91937
4.82196,9985065.50618
4.82296,10052056.30104
4.82396,10119510.57796
4.82496,10187431.63487
4.82597,10255822.79377
4.82697,10324687.40092
4.82797,10394028.82702
4.82897,10463850.46742
4.82997,10534155.74225
4.83097,10604948.09664
4.83197,10676231.00093
4.83297,10748007.95081
4.83397,10820282.46752
4.83497,10893058.09809
4.83597,10966338.41546
4.83697,11040127.01872
4.83797,11114427.53332
4.83897,11189243.61121
4.83997,11264578.93109
4.84097,11340437.19859
4.84197,11416822.14649
4.84297,11493737.53488
4.84397,11571187.15141
4.84497,11649174.81148
4.84597,11727704.35844
4.84697,11806779.66383
4.84797,11886404.62755
4.84897,11966583.17809
4.84997,12047319.27276
4.85097,12128616.89789
4.85197,12210480.06905
4.85297,12292912.83128
4.85397,12375919.25929
4.85497,12459503.45769
4.85597,12543669.56125
4.85697,12628421.73508
4.85797,12713764.17486
4.85897,12799701.10711
4.85997,12886236.78939
4.86097,12973375.51054
4.86197,13061121.59091
4.86297,13149479.38261
4.86397,13238453.26975
4.86497,13328047.66865
4.86597,13418267.02813
4.86697,13509115.82972
4.86797,13600598.58791
4.86897,13692719.85042
4.86997,13785484.19843
4.87097,13878896.24683
4.87197,13972960.64450
4.87297,14067682.07452
4.87397,14163065.25448
4.87497,14259114.93671
4.87598,14355835.90854
4.87698,14453232.99258
4.87798,14551311.04697
4.87898,14650074.96568
4.87998,14749529.67871
4.88098,14849680.15246
4.88198,14950531.38993
4.88298,15052088.43101
4.88398,15154356.35278
4.88498,15257340.26978
4.88598,15361045.33429
4.88698,15465476.73661
4.88798,15570639.70538
4.88898,15676539.50781
4.88998,15783181.45003
4.89098,15890570.87735
4.89198,15998713.17456
4.89298,16107613.76626
4.89398,16217278.11712
4.89498,16327711.73218
4.89598,16438920.15722
4.89698,16550908.97898
4.89798,16663683.82554
4.89898,16777250.36659
4.89998,16891614.31377
4.90098,17006781.42098
4.90198,17122757.48470
4.90298,17239548.34430
4.90398,17357159.88239
4.90498,17475598.02513
4.90598,17594868.74257
4.90698,17714978.04895
4.90798,17835932.00310
4.90898,17957736.70873
4.90998,18080398.31475
4.91098,18203923.01568
4.91198,18328317.05196
4.91298,18453586.71026
4.91398,18579738.32392
4.91498,18706778.27320
4.91598,18834712.98575
4.91698,18963548.93685
4.91798,19093292.64986
4.91898,19223950.69657
4.91998,19355529.69752
4.92098,19488036.32244
4.92198,19621477.29056
4.92298,19755859.37102
4.92398,19891189.38327
4.92498,20027474.19739
4.92599,20164720.73453
4.92699,20302935.96729
4.92799,20442126.92008
4.92899,20582300.66955
4.92999,20723464.34497
4.93099,20865625.12863
4.93199,21008790.25626
4.93299,21152967.01741
4.93399,21298162.75587
4.93499,21444384.87012
4.93599,21591640.81367
4.93699,21739938.09555
4.93799,21889284.28070
4.93899,22039686.99040
4.93999,22191153.90272
4.94099,22343692.75290
4.94199,22497311.33385
4.94299,22652017.49655
4.94399,22807819.15050
4.94499,22964724.26417
4.94599,23122740.86546
4.94699,23281877.04214
4.94799,23442140.94231
4.94899,23603540.77484
4.94999,23766084.80990
4.95099,23929781.37933
4.95199,24094638.87721
4.95299,24260665.76026
4.95399,24427870.54836
4.95499,24596261.82501
4.95599,24765848.23786
4.95699,24936638.49912
4.95799,25108641.38614
4.95899,25281865.74184
4.95999,25456320.47527
4.96099,25632014.56205
4.96199,25808957.04496
4.96299,25987157.03436
4.96399,26166623.70880
4.96499,26347366.31548
4.96599,26529394.17080
4.96699,26712716.66086
4.96799,26897343.24205
4.96899,27083283.44155
4.96999,27270546.85787
4.97099,27459143.16140
4.97199,27649082.09497
4.97299,27840373.47443
4.97399,28033027.18913
4.97499,28227053.20256
4.97600,28422461.55292
4.97700,28619262.35361
4.97800,28817465.79391
4.97900,29017082.13949
4.98000,29218121.73303
4.98100,29420594.99479
4.98200,29624512.42325
4.98300,29829884.59564
4.98400,30036722.16860
4.98500,30245035.87878
4.98600,30454836.54343
4.98700,30666135.06105
4.98800,30878942.41199
4.98900,31093269.65911
4.99000,31309127.94837
4.99100,31526528.50950
4.99200,31745482.65664
4.99300,31966001.78899
4.99400,32188097.39145
4.99500,32411781.03530
4.99600,32637064.37885
4.99700,32863959.16810
4.99800,33092477.23746
4.99900,33322630.51036
5.00000,33554431.00000
